doc_0001.pb.gz	13ceb283-20c4-3b25-a4d9-a01b86978092:00411460-f7c9-3d21-a4a6-7ea0f4cb5f85
doc_0002.pb.gz	13ceb283-20c4-3b25-a4d9-a01b86978092:00ac8ed3-b432-3bdd-8ebb-ebcb2ba10a00
doc_0003.pb.gz	13ceb283-20c4-3b25-a4d9-a01b86978092:00e26af6-ac3b-3c1c-89d7-c3d79c60d000
doc_0004.pb.gz	13ceb283-20c4-3b25-a4d9-a01b86978092:00ec53c4-682d-36f5-8435-9f4ae7bd7ba1
doc_0005.pb.gz	13ceb283-20c4-3b25-a4d9-a01b86978092:01161aaa-0b6d-3345-9d8f-e4e481144d84
doc_0006.pb.gz	13ceb283-20c4-3b25-a4d9-a01b86978092:01386bd6-d8e0-31c2-ab4c-7c7de644d37b
doc_0007.pb.gz	13ceb283-20c4-3b25-a4d9-a01b86978092:013a006f-03db-3539-aeff-eb8f18fda755
doc_0008.pb.gz	13ceb283-20c4-3b25-a4d9-a01b86978092:013d4071-66ec-3fa5-aeb1-e1f8cbe183b9
doc_0009.pb.gz	13ceb283-20c4-3b25-a4d9-a01b86978092:01882513-d5fa-3c32-9e94-0dda99b12147
doc_0010.pb.gz	13ceb283-20c4-3b25-a4d9-a01b86978092:0188e8b8-b014-329e-afa0-f430f0a95961
doc_0011.pb.gz	13ceb283-20c4-3b25-a4d9-a01b86978092:019d385e-b676-32a7-a958-e23f24bd07d7
doc_0012.pb.gz	13ceb283-20c4-3b25-a4d9-a01b86978092:01f78be6-f7ca-3026-9850-8fe4616098a9
doc_0013.pb.gz	13ceb283-20c4-3b25-a4d9-a01b86978092:024d7f84-fff1-3dd7-a8d9-c510137a2381
doc_0014.pb.gz	13ceb283-20c4-3b25-a4d9-a01b86978092:02522a2b-2726-3b0a-83bb-19f2d8d9524d
doc_0015.pb.gz	13ceb283-20c4-3b25-a4d9-a01b86978092:0266e33d-3f54-3cb5-836a-10798e657d97
doc_0016.pb.gz	13ceb283-20c4-3b25-a4d9-a01b86978092:02a32ad2-669e-3fe2-98e6-07fe7cc0e1a0
doc_0017.pb.gz	13ceb283-20c4-3b25-a4d9-a01b86978092:02e74f10-e032-3ad8-a8d1-38f2b4fdd6f0
doc_0018.pb.gz	13ceb283-20c4-3b25-a4d9-a01b86978092:03afdbd6-6e79-39b1-a5f8-597834fa83a4
doc_0019.pb.gz	13ceb283-20c4-3b25-a4d9-a01b86978092:03c6b069-52c7-3089-9bb0-3d998e631860
doc_0020.pb.gz	13ceb283-20c4-3b25-a4d9-a01b86978092:03f54461-3917-3452-8504-1ea1581df0c2
doc_0021.pb.gz	13ceb283-20c4-3b25-a4d9-a01b86978092:043c3d7e-489c-39b4-8737-cc0c92d0f3a2
doc_0022.pb.gz	13ceb283-20c4-3b25-a4d9-a01b86978092:04ecb1fa-2850-3ccb-af72-b12c0245ddbc
doc_0023.pb.gz	13ceb283-20c4-3b25-a4d9-a01b86978092:05049e90-fa4f-3039-a8ca-dc6acbb4b2cc
doc_0024.pb.gz	13ceb283-20c4-3b25-a4d9-a01b86978092:051e4e12-7b92-35d9-8d3c-79b195f2b291
doc_0025.pb.gz	13ceb283-20c4-3b25-a4d9-a01b86978092:0537fb40-a68c-38da-99a3-5c2bfe1ca554
doc_0026.pb.gz	13ceb283-20c4-3b25-a4d9-a01b86978092:0584ce56-5c82-3b7b-bf50-282d9a19945b
doc_0027.pb.gz	13ceb283-20c4-3b25-a4d9-a01b86978092:05f971b5-ec19-3b8c-a5b7-5d2ef8267331
doc_0028.pb.gz	13ceb283-20c4-3b25-a4d9-a01b86978092:06138bc5-af60-3364-aede-0e1f7c1eac75
doc_0029.pb.gz	13ceb283-20c4-3b25-a4d9-a01b86978092:061412e4-a03c-32f9-9025-76ec55ebbe77
doc_0030.pb.gz	13ceb283-20c4-3b25-a4d9-a01b86978092:062ddb6c-7273-30e7-ab62-00b7c71f63b5
doc_0031.pb.gz	13ceb283-20c4-3b25-a4d9-a01b86978092:06409663-226a-32f3-9144-85aa4e0a23b4
doc_0032.pb.gz	13ceb283-20c4-3b25-a4d9-a01b86978092:069059b7-ef84-3f0c-b4a8-14ec9237b6ec
doc_0033.pb.gz	13ceb283-20c4-3b25-a4d9-a01b86978092:06997f04-a7db-3246-aa2b-aa6ebc8b872d
doc_0034.pb.gz	13ceb283-20c4-3b25-a4d9-a01b86978092:069d3bb0-02ac-38d7-9d09-5917f9efe4cb
doc_0035.pb.gz	13ceb283-20c4-3b25-a4d9-a01b86978092:06eb61b8-39a0-3efe-a496-7c67ccb099dc
doc_0036.pb.gz	13ceb283-20c4-3b25-a4d9-a01b86978092:072b030b-a126-32f4-b237-4f342be9ed44
doc_0037.pb.gz	13ceb283-20c4-3b25-a4d9-a01b86978092:076a0c97-d09c-31a0-ac3e-19c7f2529f2b
doc_0038.pb.gz	13ceb283-20c4-3b25-a4d9-a01b86978092:0777d5c1-7d40-36b8-aab8-6dff8a46af6f
doc_0039.pb.gz	13ceb283-20c4-3b25-a4d9-a01b86978092:077e29b1-1be8-3ab5-be1a-2ecabb7da330
doc_0040.pb.gz	13ceb283-20c4-3b25-a4d9-a01b86978092:07871915-a810-3172-b3b5-dc15a6574ad3
doc_0041.pb.gz	13ceb283-20c4-3b25-a4d9-a01b86978092:07a96b1f-6109-3ccb-94be-14d6a47439b0
doc_0042.pb.gz	13ceb283-20c4-3b25-a4d9-a01b86978092:07c5807d-0d92-3dcd-8980-f86024e5208b
doc_0043.pb.gz	13ceb283-20c4-3b25-a4d9-a01b86978092:07cdfd23-373b-37c6-b337-251c22b7ea57
doc_0044.pb.gz	13ceb283-20c4-3b25-a4d9-a01b86978092:07e1cd7d-ca89-3167-8042-477183b7ac3f
doc_0045.pb.gz	13ceb283-20c4-3b25-a4d9-a01b86978092:08740852-2c31-3eb1-b982-bc0eaf81d35f
doc_0046.pb.gz	13ceb283-20c4-3b25-a4d9-a01b86978092:08b255a5-d42b-39b0-9852-60b6f2360bdd
doc_0047.pb.gz	13ceb283-20c4-3b25-a4d9-a01b86978092:08c5433a-6013-3c32-a34f-46a71175850c
doc_0048.pb.gz	13ceb283-20c4-3b25-a4d9-a01b86978092:08fe2621-d8e7-36b0-aec0-da35256a998d
doc_0049.pb.gz	13ceb283-20c4-3b25-a4d9-a01b86978092:093f65e0-80a2-35f8-876b-1c5722a46aa2
doc_0050.pb.gz	13ceb283-20c4-3b25-a4d9-a01b86978092:09c6c378-3b4a-3005-8da7-4f2538ed47c6
doc_0051.pb.gz	13ceb283-20c4-3b25-a4d9-a01b86978092:0a09c884-4ba8-3093-ac20-bd791130d6b6
doc_0052.pb.gz	13ceb283-20c4-3b25-a4d9-a01b86978092:0a0a0c8a-aa00-3de5-8f74-a3f0ca981ed7
doc_0053.pb.gz	13ceb283-20c4-3b25-a4d9-a01b86978092:0a113ef6-b618-30da-a561-1c870ed8d5ee
doc_0054.pb.gz	13ceb283-20c4-3b25-a4d9-a01b86978092:0bb4aec1-7105-31c1-aee7-6289d9440817
doc_0055.pb.gz	13ceb283-20c4-3b25-a4d9-a01b86978092:0c048b3a-434e-39e6-95c1-247efb389cec
doc_0056.pb.gz	13ceb283-20c4-3b25-a4d9-a01b86978092:0c74b7f7-8409-3402-aa2c-4c5a5ca3ee19
doc_0057.pb.gz	13ceb283-20c4-3b25-a4d9-a01b86978092:0cb929ea-e7a4-39e5-8248-a3a78f7acfc7
doc_0058.pb.gz	13ceb283-20c4-3b25-a4d9-a01b86978092:0d0871f0-806e-3e32-9309-83b62252da50
doc_0059.pb.gz	13ceb283-20c4-3b25-a4d9-a01b86978092:0d0fd7c6-e093-37b8-84fa-0150b875b868
doc_0060.pb.gz	13ceb283-20c4-3b25-a4d9-a01b86978092:0deb1c54-8143-35ca-9ad2-66f53bc82511
doc_0061.pb.gz	13ceb283-20c4-3b25-a4d9-a01b86978092:0e095e05-4ee9-3774-96a4-96099eb1cf6a
doc_0062.pb.gz	13ceb283-20c4-3b25-a4d9-a01b86978092:0eec27c4-19d0-3e24-a53c-90338cdc8bc6
doc_0063.pb.gz	13ceb283-20c4-3b25-a4d9-a01b86978092:0efe3284-9d23-3d7f-9304-9ddc4a4b0c60
doc_0064.pb.gz	13ceb283-20c4-3b25-a4d9-a01b86978092:0f28b5d4-9b30-30af-aecd-95b4009adf4c
doc_0065.pb.gz	13ceb283-20c4-3b25-a4d9-a01b86978092:0f2c9a93-eea6-338f-abb3-acb1c31488c6
doc_0066.pb.gz	13ceb283-20c4-3b25-a4d9-a01b86978092:0f49c89d-1e72-38bb-9930-789c8ed59d48
doc_0067.pb.gz	13ceb283-20c4-3b25-a4d9-a01b86978092:0f966132-3506-3963-8cde-717b18f97592
doc_0068.pb.gz	13ceb283-20c4-3b25-a4d9-a01b86978092:0fcbc61a-cd04-39dc-b7e3-cccc0f5ffca7
doc_0069.pb.gz	13ceb283-20c4-3b25-a4d9-a01b86978092:0ff39bbb-f981-3c01-91d3-40c9aa40e63e
doc_0070.pb.gz	13ceb283-20c4-3b25-a4d9-a01b86978092:0ff8033c-f943-3c21-bee1-3937b1c4c455
doc_0071.pb.gz	13ceb283-20c4-3b25-a4d9-a01b86978092:1019c809-1693-3f5c-9f55-970346633f92
doc_0072.pb.gz	13ceb283-20c4-3b25-a4d9-a01b86978092:1068c6e4-c805-3cfd-8e9e-a8072e3189e2
doc_0073.pb.gz	13ceb283-20c4-3b25-a4d9-a01b86978092:109a0ca3-bc27-33e9-a597-370d5c8cf03d
doc_0074.pb.gz	13ceb283-20c4-3b25-a4d9-a01b86978092:10a5ab2d-b37f-3edf-9eaa-b192ead4ac0e
doc_0075.pb.gz	13ceb283-20c4-3b25-a4d9-a01b86978092:1141938b-a2c2-313f-9505-d7c424ebae5f
doc_0076.pb.gz	13ceb283-20c4-3b25-a4d9-a01b86978092:11b921ef-080f-3736-889c-757404650e40
doc_0077.pb.gz	13ceb283-20c4-3b25-a4d9-a01b86978092:11b9842e-0a27-3ff2-92c1-903e7132cd68
doc_0078.pb.gz	13ceb283-20c4-3b25-a4d9-a01b86978092:1385974e-d590-3a43-8616-ff7bdb3f7439
doc_0079.pb.gz	13ceb283-20c4-3b25-a4d9-a01b86978092:138bb069-6595-3338-afba-b333c555292a
doc_0080.pb.gz	13ceb283-20c4-3b25-a4d9-a01b86978092:13f320e7-b5ea-3102-8ac9-5c3b208610db
doc_0081.pb.gz	13ceb283-20c4-3b25-a4d9-a01b86978092:13f3cf8c-5319-32d7-ae58-47c4183e6910
doc_0082.pb.gz	13ceb283-20c4-3b25-a4d9-a01b86978092:13f9896d-f612-39c9-a8f1-9721878fac41
doc_0083.pb.gz	13ceb283-20c4-3b25-a4d9-a01b86978092:140f6969-d521-3fd0-ace0-3148e62e461e
doc_0084.pb.gz	13ceb283-20c4-3b25-a4d9-a01b86978092:142949df-56ea-3ae0-be8b-5306971900a4
doc_0085.pb.gz	13ceb283-20c4-3b25-a4d9-a01b86978092:144a3f71-a03a-37c4-b46f-9656608efdb2
doc_0086.pb.gz	13ceb283-20c4-3b25-a4d9-a01b86978092:147702db-0714-3348-a45d-c5a2f2fe5683
doc_0087.pb.gz	13ceb283-20c4-3b25-a4d9-a01b86978092:14bfa6bb-1487-3e45-bba0-28a21ed38046
doc_0088.pb.gz	13ceb283-20c4-3b25-a4d9-a01b86978092:1543843a-4723-3d2a-b08e-18053ae6dc5b
doc_0089.pb.gz	13ceb283-20c4-3b25-a4d9-a01b86978092:1579779b-98ce-3edb-98dd-85606f2c119d
doc_0090.pb.gz	13ceb283-20c4-3b25-a4d9-a01b86978092:1587965f-b4d4-35af-a842-8a4a024feb0d
doc_0091.pb.gz	13ceb283-20c4-3b25-a4d9-a01b86978092:158f3069-a435-3314-a80b-dcb024f8e422
doc_0092.pb.gz	13ceb283-20c4-3b25-a4d9-a01b86978092:15d4e891-d784-377c-acbf-cbb00c48f133
doc_0093.pb.gz	13ceb283-20c4-3b25-a4d9-a01b86978092:15de21c6-70ae-3c3f-af3f-1f37029303c9
doc_0094.pb.gz	13ceb283-20c4-3b25-a4d9-a01b86978092:1651cf0d-2f73-3d7a-9eab-84d339dbabd3
doc_0095.pb.gz	13ceb283-20c4-3b25-a4d9-a01b86978092:1679091c-5a88-3faf-afb5-e6087eb1b2dc
doc_0096.pb.gz	13ceb283-20c4-3b25-a4d9-a01b86978092:16c222aa-1989-3e50-9893-8167c8ab6c57
doc_0097.pb.gz	13ceb283-20c4-3b25-a4d9-a01b86978092:16e6a332-6dd7-3868-8bc9-26602a61e4d0
doc_0098.pb.gz	13ceb283-20c4-3b25-a4d9-a01b86978092:17000029-63a4-3da1-b542-e0726b7bb758
doc_0099.pb.gz	13ceb283-20c4-3b25-a4d9-a01b86978092:170c9449-7849-3731-ba71-f34c25826a34
doc_0100.pb.gz	13ceb283-20c4-3b25-a4d9-a01b86978092:1728efbd-a816-3228-aba6-42aafd57be3a
doc_0101.pb.gz	13ceb283-20c4-3b25-a4d9-a01b86978092:17d63b16-25c8-36c2-a647-a73e1482372b
doc_0102.pb.gz	13ceb283-20c4-3b25-a4d9-a01b86978092:17e62166-fc85-36df-a4d1-bc0e1742c08b
doc_0103.pb.gz	13ceb283-20c4-3b25-a4d9-a01b86978092:182be0c5-cdcd-3072-bb18-64cdee4d3d6e
doc_0104.pb.gz	13ceb283-20c4-3b25-a4d9-a01b86978092:18426034-8236-3955-8fe9-375772ff966e
doc_0105.pb.gz	13ceb283-20c4-3b25-a4d9-a01b86978092:185e65bc-4058-3880-84f2-c82958de8cfe
doc_0106.pb.gz	13ceb283-20c4-3b25-a4d9-a01b86978092:1896a3bf-7305-36dd-a43b-a67b4c447d36
doc_0107.pb.gz	13ceb283-20c4-3b25-a4d9-a01b86978092:18997733-ec25-3a9f-8af2-39cc55d53363
doc_0108.pb.gz	13ceb283-20c4-3b25-a4d9-a01b86978092:18d80423-86b7-3e2c-a79f-d162df0205c8
doc_0109.pb.gz	13ceb283-20c4-3b25-a4d9-a01b86978092:1905aeda-b9bf-3477-adc0-68a355bba31a
doc_0110.pb.gz	13ceb283-20c4-3b25-a4d9-a01b86978092:19b65066-0b25-3761-af18-9682e03501dd
doc_0111.pb.gz	13ceb283-20c4-3b25-a4d9-a01b86978092:19bc9161-08fc-3938-b52c-b96f7e087941
doc_0112.pb.gz	13ceb283-20c4-3b25-a4d9-a01b86978092:19ca14e7-ea63-38a4-ae0e-b13d585e4c22
doc_0113.pb.gz	13ceb283-20c4-3b25-a4d9-a01b86978092:19f3cd30-8f14-35b3-ba09-a282e0d496f4
doc_0114.pb.gz	13ceb283-20c4-3b25-a4d9-a01b86978092:1aa48fc4-880b-30c9-b8a3-bf979d3b917e
doc_0115.pb.gz	13ceb283-20c4-3b25-a4d9-a01b86978092:1afa34a7-f984-3eab-9bb0-a7d494132ee5
doc_0116.pb.gz	13ceb283-20c4-3b25-a4d9-a01b86978092:1b0114c5-1cc5-32ed-b4e1-954b5b9e4b58
doc_0117.pb.gz	13ceb283-20c4-3b25-a4d9-a01b86978092:1bb91f73-e9d3-3ea2-830a-5e73ce3ed328
doc_0118.pb.gz	13ceb283-20c4-3b25-a4d9-a01b86978092:1be3bc32-e656-3055-95ca-3e5a354acbef
doc_0119.pb.gz	13ceb283-20c4-3b25-a4d9-a01b86978092:1c383cd3-0b7c-398a-b502-93adfecb7b18
doc_0120.pb.gz	13ceb283-20c4-3b25-a4d9-a01b86978092:1c65cef3-dfd1-300c-8b03-923a1c591db4
doc_0121.pb.gz	13ceb283-20c4-3b25-a4d9-a01b86978092:1c9ac015-9c94-38d0-8bed-c973445af2da
doc_0122.pb.gz	13ceb283-20c4-3b25-a4d9-a01b86978092:1cc3633c-579a-30cf-9d89-5e64021e2163
doc_0123.pb.gz	13ceb283-20c4-3b25-a4d9-a01b86978092:1ce927f8-7586-3094-a390-6a4a0b5ece68
doc_0124.pb.gz	13ceb283-20c4-3b25-a4d9-a01b86978092:1d7f7abc-18fc-3439-b506-5399b0d1e48e
doc_0125.pb.gz	13ceb283-20c4-3b25-a4d9-a01b86978092:1e056d2b-0ebd-3c87-8c55-0da6ac5d3724
doc_0126.pb.gz	13ceb283-20c4-3b25-a4d9-a01b86978092:1e1d1841-67ca-3676-8f66-5225e236a3d2
doc_0127.pb.gz	13ceb283-20c4-3b25-a4d9-a01b86978092:1e48c442-0b70-33bc-9191-6c6c1de226bb
doc_0128.pb.gz	13ceb283-20c4-3b25-a4d9-a01b86978092:1e6e0a04-d20f-3096-bc64-dac2d639a577
doc_0129.pb.gz	13ceb283-20c4-3b25-a4d9-a01b86978092:1ecfb463-472e-3911-9b10-c292ef8bc986
doc_0130.pb.gz	13ceb283-20c4-3b25-a4d9-a01b86978092:1efa39bc-aec6-3390-8149-160693694536
doc_0131.pb.gz	13ceb283-20c4-3b25-a4d9-a01b86978092:1f0e3dad-9990-3345-b743-9f8ffabdffc4
doc_0132.pb.gz	13ceb283-20c4-3b25-a4d9-a01b86978092:1f4477ba-d7af-3616-81f9-33a02bfabe4e
doc_0133.pb.gz	13ceb283-20c4-3b25-a4d9-a01b86978092:1f50893f-80d6-330d-a276-5ffad7721742
doc_0134.pb.gz	13ceb283-20c4-3b25-a4d9-a01b86978092:1fc21400-4c94-31e4-8807-3e85323bfd4b
doc_0135.pb.gz	13ceb283-20c4-3b25-a4d9-a01b86978092:1ff1de77-4005-38da-93f4-2943881c655f
doc_0136.pb.gz	13ceb283-20c4-3b25-a4d9-a01b86978092:202cb962-ac59-375b-964b-07152d234b70
doc_0137.pb.gz	13ceb283-20c4-3b25-a4d9-a01b86978092:2050e03c-a119-380f-b4cc-a14cc6e97462
doc_0138.pb.gz	13ceb283-20c4-3b25-a4d9-a01b86978092:208e43f0-e45c-3c78-8afa-db83d2888cb6
doc_0139.pb.gz	13ceb283-20c4-3b25-a4d9-a01b86978092:20aee3a5-f464-3755-a79e-e5f6a73050ac
doc_0140.pb.gz	13ceb283-20c4-3b25-a4d9-a01b86978092:20b5e1cf-8694-3f7a-bc1b-a4a87f073021
doc_0141.pb.gz	13ceb283-20c4-3b25-a4d9-a01b86978092:20d135f0-f281-35b8-8a4c-f7aa51f29500
doc_0142.pb.gz	13ceb283-20c4-3b25-a4d9-a01b86978092:20f07591-c6fc-3220-bfe6-37cda29bb3f6
doc_0143.pb.gz	13ceb283-20c4-3b25-a4d9-a01b86978092:210f760a-89db-30aa-b2ca-258a3483cc7f
doc_0144.pb.gz	13ceb283-20c4-3b25-a4d9-a01b86978092:217eedd1-ba8c-392d-b97d-0dbe54c7adfc
doc_0145.pb.gz	13ceb283-20c4-3b25-a4d9-a01b86978092:218a0aef-d1d1-34be-a560-1cc6ddc1520e
doc_0146.pb.gz	13ceb283-20c4-3b25-a4d9-a01b86978092:2290a738-5ed7-3cc5-992d-c2153229f082
doc_0147.pb.gz	13ceb283-20c4-3b25-a4d9-a01b86978092:2291d2ec-3b30-38d1-a6f8-6c2c4591b7e0
doc_0148.pb.gz	13ceb283-20c4-3b25-a4d9-a01b86978092:22ac3c5a-5bf0-3520-9281-c122d1490650
doc_0149.pb.gz	13ceb283-20c4-3b25-a4d9-a01b86978092:22fb0cee-7e1f-3bde-9829-3de743871417
doc_0150.pb.gz	13ceb283-20c4-3b25-a4d9-a01b86978092:2387337b-a1e0-3024-9ba9-0f55b2ba2521
doc_0151.pb.gz	13ceb283-20c4-3b25-a4d9-a01b86978092:23ce1851-341e-31fa-9e0c-259de10bf87c
doc_0152.pb.gz	13ceb283-20c4-3b25-a4d9-a01b86978092:2421fcb1-263b-3530-9f88-f7f002e78ea5
doc_0153.pb.gz	13ceb283-20c4-3b25-a4d9-a01b86978092:24681928-425f-3a91-b350-4de568f5f6df
doc_0154.pb.gz	13ceb283-20c4-3b25-a4d9-a01b86978092:24896ee4-c652-3356-8c12-7852413ea3b4
doc_0155.pb.gz	13ceb283-20c4-3b25-a4d9-a01b86978092:248e8443-3679-3ec9-8478-f85e7626de4a
doc_0156.pb.gz	13ceb283-20c4-3b25-a4d9-a01b86978092:24b16fed-e9a6-3c92-91d3-e7c7161c83ac
doc_0157.pb.gz	13ceb283-20c4-3b25-a4d9-a01b86978092:25b2822c-2f5a-3230-abfa-dd476e8b04c9
doc_0158.pb.gz	13ceb283-20c4-3b25-a4d9-a01b86978092:25ddc0f8-c9d3-322e-83d3-076f98d83cb2
doc_0159.pb.gz	13ceb283-20c4-3b25-a4d9-a01b86978092:26337353-b796-3f53-bd78-c762373b3318
doc_0160.pb.gz	13ceb283-20c4-3b25-a4d9-a01b86978092:26657d5f-f902-3d2a-befe-558796b99584
doc_0161.pb.gz	13ceb283-20c4-3b25-a4d9-a01b86978092:26dd0dbc-6e3f-3c80-8374-9885523d6a25
doc_0162.pb.gz	13ceb283-20c4-3b25-a4d9-a01b86978092:26e359e8-3860-3b1d-91b6-acca57d8ea88
doc_0163.pb.gz	13ceb283-20c4-3b25-a4d9-a01b86978092:2723d092-b638-35e0-97c2-60cc007e8b9d
doc_0164.pb.gz	13ceb283-20c4-3b25-a4d9-a01b86978092:27ed0fb9-50b8-36b0-ae12-73989422e7d3
doc_0165.pb.gz	13ceb283-20c4-3b25-a4d9-a01b86978092:2823f479-7102-3e1a-9aec-05359cc16dd9
doc_0166.pb.gz	13ceb283-20c4-3b25-a4d9-a01b86978092:28267ab8-48bc-3807-b2ed-53c3a8f8fc8a
doc_0167.pb.gz	13ceb283-20c4-3b25-a4d9-a01b86978092:2838023a-778d-3aec-9c21-2708f721b788
doc_0168.pb.gz	13ceb283-20c4-3b25-a4d9-a01b86978092:285ab944-8d27-31ee-97ec-e7f762c39095
doc_0169.pb.gz	13ceb283-20c4-3b25-a4d9-a01b86978092:285e19f2-0bed-3d7d-a151-02b49d5c09a0
doc_0170.pb.gz	13ceb283-20c4-3b25-a4d9-a01b86978092:285f89b8-02bc-3265-9801-455c86d78f2a
doc_0171.pb.gz	13ceb283-20c4-3b25-a4d9-a01b86978092:287e03db-1d99-30ec-aedb-90d079e142f3
doc_0172.pb.gz	13ceb283-20c4-3b25-a4d9-a01b86978092:288cc0ff-0228-37bd-bdf9-4bc9360b9c5d
doc_0173.pb.gz	13ceb283-20c4-3b25-a4d9-a01b86978092:289dff07-669d-3a23-9e0e-f88d2f7129e7
doc_0174.pb.gz	13ceb283-20c4-3b25-a4d9-a01b86978092:28f0b864-598a-3291-957b-ed248a998d4e
doc_0175.pb.gz	13ceb283-20c4-3b25-a4d9-a01b86978092:291597a1-00aa-3d81-8d19-7af4f4bab3a7
doc_0176.pb.gz	13ceb283-20c4-3b25-a4d9-a01b86978092:298923c8-1900-35e9-9288-b430794814c4
doc_0177.pb.gz	13ceb283-20c4-3b25-a4d9-a01b86978092:298f95e1-bf91-3612-8592-c8d4825a06fc
doc_0178.pb.gz	13ceb283-20c4-3b25-a4d9-a01b86978092:299a23a2-291e-3126-b91d-54f3601ec162
doc_0179.pb.gz	13ceb283-20c4-3b25-a4d9-a01b86978092:2a084e55-c87b-3ebc-9aad-1f62fdbbac8e
doc_0180.pb.gz	13ceb283-20c4-3b25-a4d9-a01b86978092:2a38a4a9-316c-39e5-a833-517c45d31070
doc_0181.pb.gz	13ceb283-20c4-3b25-a4d9-a01b86978092:2a79ea27-c279-3471-b4d1-80b08d62b00a
doc_0182.pb.gz	13ceb283-20c4-3b25-a4d9-a01b86978092:2a9d121c-d9c3-3183-abb6-d2cc6bd7a8a7
doc_0183.pb.gz	13ceb283-20c4-3b25-a4d9-a01b86978092:2ab56412-b116-3ee1-b1e1-246da0955bd1
doc_0184.pb.gz	13ceb283-20c4-3b25-a4d9-a01b86978092:2ac2406e-835b-349c-b046-9acae337d292
doc_0185.pb.gz	13ceb283-20c4-3b25-a4d9-a01b86978092:2b24d495-052a-3ce6-a358-eb576b8912c8
doc_0186.pb.gz	13ceb283-20c4-3b25-a4d9-a01b86978092:2b38c2df-6a49-397f-b06e-c9148ce48d86
doc_0187.pb.gz	13ceb283-20c4-3b25-a4d9-a01b86978092:2b44928a-e11f-3938-8c4c-f38708677c48
doc_0188.pb.gz	13ceb283-20c4-3b25-a4d9-a01b86978092:2b6d65b9-a944-3c42-b1ab-9076ead5605a
doc_0189.pb.gz	13ceb283-20c4-3b25-a4d9-a01b86978092:2ba8698b-7943-3589-bdd2-b0f7218d8b07
doc_0190.pb.gz	13ceb283-20c4-3b25-a4d9-a01b86978092:2c89109d-4217-3de8-a367-c0228f169bf8
doc_0191.pb.gz	13ceb283-20c4-3b25-a4d9-a01b86978092:2ca65f58-e35d-3ad4-9bf7-f3ae5cfd08f1
doc_0192.pb.gz	13ceb283-20c4-3b25-a4d9-a01b86978092:2cbca448-43a8-3453-bec0-5b321ae1f9d1
doc_0193.pb.gz	13ceb283-20c4-3b25-a4d9-a01b86978092:2cfd4560-539f-387a-9e42-0412b370b361
doc_0194.pb.gz	13ceb283-20c4-3b25-a4d9-a01b86978092:2d6cc4b2-d139-3535-92fb-8cbb3086ae2e
doc_0195.pb.gz	13ceb283-20c4-3b25-a4d9-a01b86978092:2dace78f-80bc-32e6-9749-3423d729448e
doc_0196.pb.gz	13ceb283-20c4-3b25-a4d9-a01b86978092:2de5d166-82c3-3350-87e4-e92982f1a2ba
doc_0197.pb.gz	13ceb283-20c4-3b25-a4d9-a01b86978092:2e65f2f2-fdaf-3c69-9b22-3c61b1b5ab89
doc_0198.pb.gz	13ceb283-20c4-3b25-a4d9-a01b86978092:2f29b6e3-abc6-3bde-bb55-456ea6ca5dc8
doc_0199.pb.gz	13ceb283-20c4-3b25-a4d9-a01b86978092:2f37d101-31f2-3483-a8dd-005b3d14b0d9
doc_0200.pb.gz	13ceb283-20c4-3b25-a4d9-a01b86978092:2f55707d-4193-3c27-918a-0f19a1985716
doc_0201.pb.gz	13ceb283-20c4-3b25-a4d9-a01b86978092:301ad0e3-bd5c-3162-ba20-44908a42fdc2
doc_0202.pb.gz	13ceb283-20c4-3b25-a4d9-a01b86978092:303ed4c6-9846-3b36-8290-4d3ba8573050
doc_0203.pb.gz	13ceb283-20c4-3b25-a4d9-a01b86978092:30bb3825-e8f6-31cc-a075-c0f87bb4978c
doc_0204.pb.gz	13ceb283-20c4-3b25-a4d9-a01b86978092:30ef30b6-4204-3308-8a26-bc2e6ecf7602
doc_0205.pb.gz	13ceb283-20c4-3b25-a4d9-a01b86978092:31839b03-6f63-306c-ba3f-47b93af8ccb5
doc_0206.pb.gz	13ceb283-20c4-3b25-a4d9-a01b86978092:31857b44-9c40-3203-b49a-e32dd0e7d64a
doc_0207.pb.gz	13ceb283-20c4-3b25-a4d9-a01b86978092:31b3b31a-1c2f-3a37-8206-f111127c0dbd
doc_0208.pb.gz	13ceb283-20c4-3b25-a4d9-a01b86978092:32072254-9d17-31cf-bf24-7855f937b982
doc_0209.pb.gz	13ceb283-20c4-3b25-a4d9-a01b86978092:3295c76a-cbf4-3aae-933c-36b1b5fc2cb1
doc_0210.pb.gz	13ceb283-20c4-3b25-a4d9-a01b86978092:32b30a25-0abd-3331-a03a-2a1f16466346
doc_0211.pb.gz	13ceb283-20c4-3b25-a4d9-a01b86978092:32bb90e8-976a-3b52-98d5-da10fe66f21d
doc_0212.pb.gz	13ceb283-20c4-3b25-a4d9-a01b86978092:3328bdf9-a4b9-304b-9398-284244fe97c2
doc_0213.pb.gz	13ceb283-20c4-3b25-a4d9-a01b86978092:335f5352-088d-3d9b-b741-91e006d8e24c
doc_0214.pb.gz	13ceb283-20c4-3b25-a4d9-a01b86978092:33ceb07b-f4ee-33da-987e-268d663aba1a
doc_0215.pb.gz	13ceb283-20c4-3b25-a4d9-a01b86978092:33e75ff0-9dd6-31bb-a69f-351039152189
doc_0216.pb.gz	13ceb283-20c4-3b25-a4d9-a01b86978092:33e8075e-9970-3e0c-bea9-55afd4644bb2
doc_0217.pb.gz	13ceb283-20c4-3b25-a4d9-a01b86978092:3416a75f-4cea-3109-907c-acd8e2f2aefc
doc_0218.pb.gz	13ceb283-20c4-3b25-a4d9-a01b86978092:34173cb3-8f07-389d-9beb-c2ac9128303f
doc_0219.pb.gz	13ceb283-20c4-3b25-a4d9-a01b86978092:3435c378-bb76-3435-b324-dd7e69f3cd18
doc_0220.pb.gz	13ceb283-20c4-3b25-a4d9-a01b86978092:3473decc-cb05-39fb-a648-18a7512a8b9b
doc_0221.pb.gz	13ceb283-20c4-3b25-a4d9-a01b86978092:3493894f-a4ea-336c-bc64-33c3e2ee63b0
doc_0222.pb.gz	13ceb283-20c4-3b25-a4d9-a01b86978092:34ed066d-f378-3fac-89b9-24ec161e7639
doc_0223.pb.gz	13ceb283-20c4-3b25-a4d9-a01b86978092:35051070-e572-347d-ac26-c241ab88307f
doc_0224.pb.gz	13ceb283-20c4-3b25-a4d9-a01b86978092:35240722-1afb-376e-b143-e8a1a0577885
doc_0225.pb.gz	13ceb283-20c4-3b25-a4d9-a01b86978092:352fe25d-af68-3bdb-8edc-a223c921acea
doc_0226.pb.gz	13ceb283-20c4-3b25-a4d9-a01b86978092:35cf8659-cfcb-3322-8cbd-47863a34fc58
doc_0227.pb.gz	13ceb283-20c4-3b25-a4d9-a01b86978092:3621f145-4cac-3995-930e-a53652ddf8fb
doc_0228.pb.gz	13ceb283-20c4-3b25-a4d9-a01b86978092:362e80d4-df43-303a-a6d3-f8540cd63626
doc_0229.pb.gz	13ceb283-20c4-3b25-a4d9-a01b86978092:36660e59-856b-3de5-8a21-9bcf4e27eba3
doc_0230.pb.gz	13ceb283-20c4-3b25-a4d9-a01b86978092:36a1694b-ce98-35b7-a38a-9dad05ad42e0
doc_0231.pb.gz	13ceb283-20c4-3b25-a4d9-a01b86978092:36a16a25-0536-3e0c-922b-6ea7a23a56d2
doc_0232.pb.gz	13ceb283-20c4-3b25-a4d9-a01b86978092:371bce7d-c838-37b7-893b-cdeed13799b5
doc_0233.pb.gz	13ceb283-20c4-3b25-a4d9-a01b86978092:37693cfc-7480-39e4-9d87-b8c7d8b9aacd
doc_0234.pb.gz	13ceb283-20c4-3b25-a4d9-a01b86978092:37a749d8-08e4-3495-a8da-1e5352d03cae
doc_0235.pb.gz	13ceb283-20c4-3b25-a4d9-a01b86978092:37bc2f75-bf1b-3fe8-850a-1a41c200364c
doc_0236.pb.gz	13ceb283-20c4-3b25-a4d9-a01b86978092:37f0e884-fbad-3667-a389-40169d0a3c95
doc_0237.pb.gz	13ceb283-20c4-3b25-a4d9-a01b86978092:389bc7bb-1e1c-3a5e-be14-7703232a88f6
doc_0238.pb.gz	13ceb283-20c4-3b25-a4d9-a01b86978092:38b3eff8-baf5-3627-878e-c76a704e9b52
doc_0239.pb.gz	13ceb283-20c4-3b25-a4d9-a01b86978092:38ca8956-4b22-3940-9518-960f7a06f94b
doc_0240.pb.gz	13ceb283-20c4-3b25-a4d9-a01b86978092:38db3aed-920c-382a-b059-bfccbd02be6a
doc_0241.pb.gz	13ceb283-20c4-3b25-a4d9-a01b86978092:39059724-f73a-3969-845d-fe4146c5660e
doc_0242.pb.gz	13ceb283-20c4-3b25-a4d9-a01b86978092:390e9825-18a5-3e28-8d8e-2b535462ec1f
doc_0243.pb.gz	13ceb283-20c4-3b25-a4d9-a01b86978092:3988c7f8-8ebc-358c-ace9-32b957b6f332
doc_0244.pb.gz	13ceb283-20c4-3b25-a4d9-a01b86978092:39e4973b-a332-3b80-b37d-9b55f63ed8b8
doc_0245.pb.gz	13ceb283-20c4-3b25-a4d9-a01b86978092:3a066bda-8c96-3947-8bb0-512f0a43028c
doc_0246.pb.gz	13ceb283-20c4-3b25-a4d9-a01b86978092:3a077244-3a07-3914-9292-a5429b952fe6
doc_0247.pb.gz	13ceb283-20c4-3b25-a4d9-a01b86978092:3a15c7d0-bbe6-3300-a39f-76f8a5ba6896
doc_0248.pb.gz	13ceb283-20c4-3b25-a4d9-a01b86978092:3a835d32-1575-3c43-9ef4-fe9965a3f2a0
doc_0249.pb.gz	13ceb283-20c4-3b25-a4d9-a01b86978092:3ad7c2eb-b96f-3ba7-8da0-cf54a2e802f5
doc_0250.pb.gz	13ceb283-20c4-3b25-a4d9-a01b86978092:3b3dbaf6-8507-398a-8d6a-5a5254ab2d76
doc_0251.pb.gz	13ceb283-20c4-3b25-a4d9-a01b86978092:3b5dca50-1ee1-36d8-8d7b-905f4e1bf723
doc_0252.pb.gz	13ceb283-20c4-3b25-a4d9-a01b86978092:3b712de4-8137-372f-b849-aabd5666a4e3
doc_0253.pb.gz	13ceb283-20c4-3b25-a4d9-a01b86978092:3c59dc04-8e88-3024-bbe8-079a5c74d079
doc_0254.pb.gz	13ceb283-20c4-3b25-a4d9-a01b86978092:3c7781a3-6bcd-3cf0-8c11-a970fbe0e2a6
doc_0255.pb.gz	13ceb283-20c4-3b25-a4d9-a01b86978092:3cec07e9-ba5f-3bb2-92d1-3f5f431e4bbb
doc_0256.pb.gz	13ceb283-20c4-3b25-a4d9-a01b86978092:3cf166c6-b73f-330b-8f67-eeaeba301103
doc_0257.pb.gz	13ceb283-20c4-3b25-a4d9-a01b86978092:3d2d8ccb-37df-377c-b6d9-da15b76c3f3a
doc_0258.pb.gz	13ceb283-20c4-3b25-a4d9-a01b86978092:3d8e28ca-f901-313a-954c-ebc7d32e67e5
doc_0259.pb.gz	13ceb283-20c4-3b25-a4d9-a01b86978092:3dd48ab3-1d01-3ffc-bf33-14df2b3cb9ce
doc_0260.pb.gz	13ceb283-20c4-3b25-a4d9-a01b86978092:3def184a-d8f4-355f-b269-862ea77393dd
doc_0261.pb.gz	13ceb283-20c4-3b25-a4d9-a01b86978092:3df1d4b9-6d89-36ff-9986-393e8767f5b2
doc_0262.pb.gz	13ceb283-20c4-3b25-a4d9-a01b86978092:3e89ebdb-49f7-32c7-990d-1b39e348bbbf
doc_0263.pb.gz	13ceb283-20c4-3b25-a4d9-a01b86978092:3eb71f62-93a2-331f-b569-e10af6552658
doc_0264.pb.gz	13ceb283-20c4-3b25-a4d9-a01b86978092:3ef81541-6f77-3098-be97-7004015c6193
doc_0265.pb.gz	13ceb283-20c4-3b25-a4d9-a01b86978092:3fe78a8a-cf5f-3a99-9e95-303940a2420c
doc_0266.pb.gz	13ceb283-20c4-3b25-a4d9-a01b86978092:3fe94a00-2317-35f9-a59f-82690aeea4cd
doc_0267.pb.gz	13ceb283-20c4-3b25-a4d9-a01b86978092:41ae36ec-b9b3-3ee6-89d0-5b90c14222fb
doc_0268.pb.gz	13ceb283-20c4-3b25-a4d9-a01b86978092:41f1f191-76d3-3348-8afa-65d325c06ed0
doc_0269.pb.gz	13ceb283-20c4-3b25-a4d9-a01b86978092:42a0e188-f503-3bc6-9bf8-d78622277c4e
doc_0270.pb.gz	13ceb283-20c4-3b25-a4d9-a01b86978092:42e77b63-637a-3381-a8be-5f8318cc28a2
doc_0271.pb.gz	13ceb283-20c4-3b25-a4d9-a01b86978092:42e7aaa8-8b48-337a-96a1-acd04ed91125
doc_0272.pb.gz	13ceb283-20c4-3b25-a4d9-a01b86978092:430c3626-b879-3400-9d41-b8a46172e0c0
doc_0273.pb.gz	13ceb283-20c4-3b25-a4d9-a01b86978092:432aca3a-1e34-3e33-9f35-a30c8f65edce
doc_0274.pb.gz	13ceb283-20c4-3b25-a4d9-a01b86978092:437d7d1d-9791-3cd6-a7a3-4a6a0fb41136
doc_0275.pb.gz	13ceb283-20c4-3b25-a4d9-a01b86978092:43baa676-2fa8-3bb4-bb39-c62553b2970d
doc_0276.pb.gz	13ceb283-20c4-3b25-a4d9-a01b86978092:43dd49b4-fdb9-3ede-a53e-94468ff8df1e
doc_0277.pb.gz	13ceb283-20c4-3b25-a4d9-a01b86978092:43ec517d-68b6-3dd3-815b-3edc9a11367b
doc_0278.pb.gz	13ceb283-20c4-3b25-a4d9-a01b86978092:43fa7f58-b7ea-37ac-8722-09342e62e8f1
doc_0279.pb.gz	13ceb283-20c4-3b25-a4d9-a01b86978092:43feaeee-cd7b-3fe2-ae2e-26d917b6477d
doc_0280.pb.gz	13ceb283-20c4-3b25-a4d9-a01b86978092:443cb001-c138-3256-9a0d-90720d6ce111
doc_0281.pb.gz	13ceb283-20c4-3b25-a4d9-a01b86978092:44c4c173-32ca-3e21-a4a1-a836d9fc4b6f
doc_0282.pb.gz	13ceb283-20c4-3b25-a4d9-a01b86978092:44f683a8-4163-3352-bafe-57c2e008bc8c
doc_0283.pb.gz	13ceb283-20c4-3b25-a4d9-a01b86978092:4558dbb6-f6f8-3b2e-96d0-3b85bde76e2c
doc_0284.pb.gz	13ceb283-20c4-3b25-a4d9-a01b86978092:4588e674-d3f0-3af9-8504-7d4c3f13ed0d
doc_0285.pb.gz	13ceb283-20c4-3b25-a4d9-a01b86978092:45c48cce-2e2d-3fbd-aa1a-fc51c7c6ad26
doc_0286.pb.gz	13ceb283-20c4-3b25-a4d9-a01b86978092:45f31d16-b105-3d58-afc3-be7207b58053
doc_0287.pb.gz	13ceb283-20c4-3b25-a4d9-a01b86978092:46072631-582f-3240-9d26-74a7d063b040
doc_0288.pb.gz	13ceb283-20c4-3b25-a4d9-a01b86978092:46922a08-80a8-311f-8f69-cbb52b1396be
doc_0289.pb.gz	13ceb283-20c4-3b25-a4d9-a01b86978092:46ba9f2a-6976-370b-8353-203ec4474217
doc_0290.pb.gz	13ceb283-20c4-3b25-a4d9-a01b86978092:470e7a4f-017a-3476-afb7-eeb3f8b96f9b
doc_0291.pb.gz	13ceb283-20c4-3b25-a4d9-a01b86978092:4734ba6f-3de8-3d86-9c31-76a6273cac6d
doc_0292.pb.gz	13ceb283-20c4-3b25-a4d9-a01b86978092:47a65822-9eb2-368a-99f1-d032c8848542
doc_0293.pb.gz	13ceb283-20c4-3b25-a4d9-a01b86978092:47d1e990-583c-3c67-824d-369f3414728e
doc_0294.pb.gz	13ceb283-20c4-3b25-a4d9-a01b86978092:48aedb88-80ca-38c4-9637-abc7493ecddd
doc_0295.pb.gz	13ceb283-20c4-3b25-a4d9-a01b86978092:491442df-5f88-36aa-818e-86dac21d3606
doc_0296.pb.gz	13ceb283-20c4-3b25-a4d9-a01b86978092:49182f81-e6a1-3cf5-aaa4-96d51fea6406
doc_0297.pb.gz	13ceb283-20c4-3b25-a4d9-a01b86978092:496e05e1-aea0-39c4-a558-00e8a7b9ea28
doc_0298.pb.gz	13ceb283-20c4-3b25-a4d9-a01b86978092:49c9adb1-8e44-3e07-91a9-4e827042f630
doc_0299.pb.gz	13ceb283-20c4-3b25-a4d9-a01b86978092:4a08142c-38db-3374-995d-41c04562d9f8
doc_0300.pb.gz	13ceb283-20c4-3b25-a4d9-a01b86978092:4a213d37-242b-3cad-8e73-00e202e7caa4
doc_0301.pb.gz	13ceb283-20c4-3b25-a4d9-a01b86978092:4a47d298-3c8b-3392-b120-b627e0e1cab4
doc_0302.pb.gz	13ceb283-20c4-3b25-a4d9-a01b86978092:4b025079-3549-326d-9c1e-a3906726ebfe
doc_0303.pb.gz	13ceb283-20c4-3b25-a4d9-a01b86978092:4b04a686-b0ad-33dc-a35f-a99fa4161c65
doc_0304.pb.gz	13ceb283-20c4-3b25-a4d9-a01b86978092:4b0a59dd-f11c-38e7-846c-9df0da541a84
doc_0305.pb.gz	13ceb283-20c4-3b25-a4d9-a01b86978092:4c27cea8-526a-38cf-ae3b-e5e183ac9605
doc_0306.pb.gz	13ceb283-20c4-3b25-a4d9-a01b86978092:4c56ff4c-e4aa-3957-baa5-dff913df997a
doc_0307.pb.gz	13ceb283-20c4-3b25-a4d9-a01b86978092:4ca82782-c537-3a54-bc10-4929f03fe7a9
doc_0308.pb.gz	13ceb283-20c4-3b25-a4d9-a01b86978092:4d2e7bd3-3c47-3784-b81a-64e43e50922f
doc_0309.pb.gz	13ceb283-20c4-3b25-a4d9-a01b86978092:4d5b9953-58e7-398b-87e9-d9db83c612a5
doc_0310.pb.gz	13ceb283-20c4-3b25-a4d9-a01b86978092:4da04049-a062-35ad-be81-b67dd755cecc
doc_0311.pb.gz	13ceb283-20c4-3b25-a4d9-a01b86978092:4daa3db3-55ef-3b0e-a4b4-72968cb70f0d
doc_0312.pb.gz	13ceb283-20c4-3b25-a4d9-a01b86978092:4e0928de-0755-38c5-93fb-dabb0c5ef2c3
doc_0313.pb.gz	13ceb283-20c4-3b25-a4d9-a01b86978092:4e0cb6fb-5fb4-36d1-892e-de2ed8780188
doc_0314.pb.gz	13ceb283-20c4-3b25-a4d9-a01b86978092:4e4b5fbb-bb60-3b6d-b5be-a8460aa8f8e5
doc_0315.pb.gz	13ceb283-20c4-3b25-a4d9-a01b86978092:4e4e53aa-0802-37bc-b1d0-eb4e7aeb07a0
doc_0316.pb.gz	13ceb283-20c4-3b25-a4d9-a01b86978092:4e732ced-3463-306d-a0ca-9a15b6153677
doc_0317.pb.gz	13ceb283-20c4-3b25-a4d9-a01b86978092:4ea06fbc-83cd-30a0-a020-c35d50e1e89a
doc_0318.pb.gz	13ceb283-20c4-3b25-a4d9-a01b86978092:4f16c818-875d-3fcb-a867-c7bdc89be7eb
doc_0319.pb.gz	13ceb283-20c4-3b25-a4d9-a01b86978092:4f284803-bd09-36cc-a4fa-8683a34afc6e
doc_0320.pb.gz	13ceb283-20c4-3b25-a4d9-a01b86978092:4f4adcbf-8c6f-36dc-bc8a-3282ac2bf10a
doc_0321.pb.gz	13ceb283-20c4-3b25-a4d9-a01b86978092:4f6ffe13-a5d7-3b2d-aa39-23922b3922e5
doc_0322.pb.gz	13ceb283-20c4-3b25-a4d9-a01b86978092:4fac9ba1-1514-3ac4-b1c2-2da82aa0bc7f
doc_0323.pb.gz	13ceb283-20c4-3b25-a4d9-a01b86978092:4ffce04d-92a4-36cb-a1c1-494cdfcd6dc1
doc_0324.pb.gz	13ceb283-20c4-3b25-a4d9-a01b86978092:500e75a0-36dc-3d7d-afec-5da1b71d36cc
doc_0325.pb.gz	13ceb283-20c4-3b25-a4d9-a01b86978092:502e4a16-930e-3141-87ee-22b6198c578f
doc_0326.pb.gz	13ceb283-20c4-3b25-a4d9-a01b86978092:5055cbf4-3fac-3f7e-a336-b27310f0b9ef
doc_0327.pb.gz	13ceb283-20c4-3b25-a4d9-a01b86978092:51ef186e-18dc-30c2-9319-82567235c559
doc_0328.pb.gz	13ceb283-20c4-3b25-a4d9-a01b86978092:522a9ae9-a998-30d3-9e5d-aec35375e999
doc_0329.pb.gz	13ceb283-20c4-3b25-a4d9-a01b86978092:52720e00-3547-3705-a1bf-5e03b95aa99f
doc_0330.pb.gz	13ceb283-20c4-3b25-a4d9-a01b86978092:537d9b6c-9272-33c7-96ca-c288cced29df
doc_0331.pb.gz	13ceb283-20c4-3b25-a4d9-a01b86978092:539fd53b-59e3-3b12-9203-f45a912eeaf2
doc_0332.pb.gz	13ceb283-20c4-3b25-a4d9-a01b86978092:53adaf49-4dc8-3ef7-996d-73636eb2451b
doc_0333.pb.gz	13ceb283-20c4-3b25-a4d9-a01b86978092:53c04118-df11-3c13-a8c3-4b38343b9c10
doc_0334.pb.gz	13ceb283-20c4-3b25-a4d9-a01b86978092:53c3bce6-6e43-3e4f-a095-56518c2fcb54
doc_0335.pb.gz	13ceb283-20c4-3b25-a4d9-a01b86978092:53e3a716-1e42-3b65-a88f-14b84d61c610
doc_0336.pb.gz	13ceb283-20c4-3b25-a4d9-a01b86978092:54229abf-cfa5-349e-b003-b83dd4755294
doc_0337.pb.gz	13ceb283-20c4-3b25-a4d9-a01b86978092:5487315b-1286-3907-9659-07aa8fc96619
doc_0338.pb.gz	13ceb283-20c4-3b25-a4d9-a01b86978092:555d6702-c950-3cb7-a9a9-66504af0a635
doc_0339.pb.gz	13ceb283-20c4-3b25-a4d9-a01b86978092:556f3919-37df-3439-8cba-c35e050a2177
doc_0340.pb.gz	13ceb283-20c4-3b25-a4d9-a01b86978092:55743cc0-393b-3cb4-b8b3-7d09ae48d097
doc_0341.pb.gz	13ceb283-20c4-3b25-a4d9-a01b86978092:559cb990-c9df-3d86-b5f6-bc2186971dc2
doc_0342.pb.gz	13ceb283-20c4-3b25-a4d9-a01b86978092:55a7cf9c-71f1-39c4-9541-3f934dd1a158
doc_0343.pb.gz	13ceb283-20c4-3b25-a4d9-a01b86978092:55b1927f-dafe-339c-88e5-b73b5d61ea60
doc_0344.pb.gz	13ceb283-20c4-3b25-a4d9-a01b86978092:55b37c5c-270e-3d84-8793-e486d798c01d
doc_0345.pb.gz	13ceb283-20c4-3b25-a4d9-a01b86978092:5680522b-8e2b-3019-8323-4bce7bf84534
doc_0346.pb.gz	13ceb283-20c4-3b25-a4d9-a01b86978092:5705e116-4a83-34aa-8e60-18e27d20d237
doc_0347.pb.gz	13ceb283-20c4-3b25-a4d9-a01b86978092:571e0f7e-2d99-3e73-8adf-f8b1bd43a521
doc_0348.pb.gz	13ceb283-20c4-3b25-a4d9-a01b86978092:57370345-57ef-3b8c-82c0-e46513b98f90
doc_0349.pb.gz	13ceb283-20c4-3b25-a4d9-a01b86978092:5751ec3e-9a4f-3ab5-b596-2e78e006250d
doc_0350.pb.gz	13ceb283-20c4-3b25-a4d9-a01b86978092:577bcc91-4f9e-35d5-a4e4-f82f9f00e7d4
doc_0351.pb.gz	13ceb283-20c4-3b25-a4d9-a01b86978092:577ef115-4f32-30ad-9b9b-413aa7346a1e
doc_0352.pb.gz	13ceb283-20c4-3b25-a4d9-a01b86978092:57aeee35-c982-3509-9e18-d1140e9f38cf
doc_0353.pb.gz	13ceb283-20c4-3b25-a4d9-a01b86978092:5807a685-d1a9-3b3b-9990-35bc566ce2b9
doc_0354.pb.gz	13ceb283-20c4-3b25-a4d9-a01b86978092:58238e9a-e2dd-305d-b9c2-ebc8c1883422
doc_0355.pb.gz	13ceb283-20c4-3b25-a4d9-a01b86978092:58ae749f-25ed-3d36-b486-bc85feb3f0ab
doc_0356.pb.gz	13ceb283-20c4-3b25-a4d9-a01b86978092:58c54802-a9fb-3526-8d09-23353a34a7ae
doc_0357.pb.gz	13ceb283-20c4-3b25-a4d9-a01b86978092:598b3e71-ec37-3bd8-be0a-727608b5db01
doc_0358.pb.gz	13ceb283-20c4-3b25-a4d9-a01b86978092:59c33016-884a-3211-abe9-75a9bb8257e3
doc_0359.pb.gz	13ceb283-20c4-3b25-a4d9-a01b86978092:5b69b9cb-8306-3d40-b869-739ae7f0995e
doc_0360.pb.gz	13ceb283-20c4-3b25-a4d9-a01b86978092:5b8add2a-5d98-31a6-92ea-7fd72d942dac
doc_0361.pb.gz	13ceb283-20c4-3b25-a4d9-a01b86978092:5c572eca-0505-34c7-bc3c-36e7e8ab9550
doc_0362.pb.gz	13ceb283-20c4-3b25-a4d9-a01b86978092:5c936263-f342-3a40-a279-08d5a3847c0b
doc_0363.pb.gz	13ceb283-20c4-3b25-a4d9-a01b86978092:5d616dd3-8211-3bb5-96ec-52986674b6e4
doc_0364.pb.gz	13ceb283-20c4-3b25-a4d9-a01b86978092:5e388103-a391-3aab-a3de-1d76a6739ccd
doc_0365.pb.gz	13ceb283-20c4-3b25-a4d9-a01b86978092:5e9f92a0-1c98-3baf-8abb-afd145520b13
doc_0366.pb.gz	13ceb283-20c4-3b25-a4d9-a01b86978092:5ea1649a-3133-3092-8054-38df996a3e59
doc_0367.pb.gz	13ceb283-20c4-3b25-a4d9-a01b86978092:5eac43ac-eba4-3c87-97b5-4003a58277b5
doc_0368.pb.gz	13ceb283-20c4-3b25-a4d9-a01b86978092:5ec91aac-30ea-362f-8140-325d09b9afd0
doc_0369.pb.gz	13ceb283-20c4-3b25-a4d9-a01b86978092:5ef05993-8ba7-39aa-a845-e1c2e8a762bd
doc_0370.pb.gz	13ceb283-20c4-3b25-a4d9-a01b86978092:5ef0b4eb-a35a-32d6-980b-0bca7e46b6f9
doc_0371.pb.gz	13ceb283-20c4-3b25-a4d9-a01b86978092:5ef698cd-9fe6-3092-bea3-31c15af3b160
doc_0372.pb.gz	13ceb283-20c4-3b25-a4d9-a01b86978092:5f0f5e5f-3394-3135-b874-349cfbed4fb9
doc_0373.pb.gz	13ceb283-20c4-3b25-a4d9-a01b86978092:5f93f983-524d-3f3d-8a46-4469d2cf9f3e
doc_0374.pb.gz	13ceb283-20c4-3b25-a4d9-a01b86978092:5fd0b37c-d7db-3b00-b97b-a6ce92bf5add
doc_0375.pb.gz	13ceb283-20c4-3b25-a4d9-a01b86978092:605ff764-c617-33cd-a8db-bdd72be8f9a2
doc_0376.pb.gz	13ceb283-20c4-3b25-a4d9-a01b86978092:60815949-75a7-34c8-a3a6-91fa2b3a321d
doc_0377.pb.gz	13ceb283-20c4-3b25-a4d9-a01b86978092:61b4a64b-e663-382e-8cb0-37d9719ad8cd
doc_0378.pb.gz	13ceb283-20c4-3b25-a4d9-a01b86978092:621461af-90ca-3fda-b0e8-d4cc25129f91
doc_0379.pb.gz	13ceb283-20c4-3b25-a4d9-a01b86978092:621bf66d-db7c-362a-a0d2-2ac97d69b793
doc_0380.pb.gz	13ceb283-20c4-3b25-a4d9-a01b86978092:6364d3f0-f495-36ab-9dcf-8d3b5c6e0b01
doc_0381.pb.gz	13ceb283-20c4-3b25-a4d9-a01b86978092:63923f49-e524-3343-aa7a-cb6a06a751e7
doc_0382.pb.gz	13ceb283-20c4-3b25-a4d9-a01b86978092:642e92ef-b794-3173-8881-b53e1e1b18b6
doc_0383.pb.gz	13ceb283-20c4-3b25-a4d9-a01b86978092:647bba34-4396-37c8-9709-02bcf2e15551
doc_0384.pb.gz	13ceb283-20c4-3b25-a4d9-a01b86978092:6512bd43-d9ca-36e0-ac99-0b0a82652dca
doc_0385.pb.gz	13ceb283-20c4-3b25-a4d9-a01b86978092:65b9eea6-e1cc-3bb9-b0cd-2a47751a186f
doc_0386.pb.gz	13ceb283-20c4-3b25-a4d9-a01b86978092:65ded535-3c5e-348d-8b7d-48c591b8f430
doc_0387.pb.gz	13ceb283-20c4-3b25-a4d9-a01b86978092:6602294b-e910-31e3-8457-1bd98c4d5484
doc_0388.pb.gz	13ceb283-20c4-3b25-a4d9-a01b86978092:66368270-ffd5-3418-ac58-bd793f2d9b1b
doc_0389.pb.gz	13ceb283-20c4-3b25-a4d9-a01b86978092:66808e32-7dc7-3d13-9ba1-8e051673d906
doc_0390.pb.gz	13ceb283-20c4-3b25-a4d9-a01b86978092:66f041e1-6a60-328b-85a7-e228a89c3799
doc_0391.pb.gz	13ceb283-20c4-3b25-a4d9-a01b86978092:670e8a43-b246-301c-a1ea-ca97b3e19189
doc_0392.pb.gz	13ceb283-20c4-3b25-a4d9-a01b86978092:6766aa27-50c1-3aad-afa1-b32f36ed4aee
doc_0393.pb.gz	13ceb283-20c4-3b25-a4d9-a01b86978092:677e0972-4f0e-3df9-b6c0-00b75b5da10d
doc_0394.pb.gz	13ceb283-20c4-3b25-a4d9-a01b86978092:678a1491-514b-3f10-86d6-05e9161946b1
doc_0395.pb.gz	13ceb283-20c4-3b25-a4d9-a01b86978092:67c6a1e7-ce56-33d6-ba74-8ab6d9af3fd7
doc_0396.pb.gz	13ceb283-20c4-3b25-a4d9-a01b86978092:67d16d00-2010-33a2-b118-dd5128dd6f59
doc_0397.pb.gz	13ceb283-20c4-3b25-a4d9-a01b86978092:67e103b0-761e-3068-be83-c559be18d40c
doc_0398.pb.gz	13ceb283-20c4-3b25-a4d9-a01b86978092:68053af2-923e-3020-8c3c-a7c6a3150cf7
doc_0399.pb.gz	13ceb283-20c4-3b25-a4d9-a01b86978092:68264bdb-65b9-3eea-a678-8aa3348e553c
doc_0400.pb.gz	13ceb283-20c4-3b25-a4d9-a01b86978092:6883966f-d8f9-38a4-aa29-be29d2c386fb
doc_0401.pb.gz	13ceb283-20c4-3b25-a4d9-a01b86978092:68d30a95-9472-3bc3-9aa2-4be94b319d21
doc_0402.pb.gz	13ceb283-20c4-3b25-a4d9-a01b86978092:692f93be-8c7a-3152-9c0b-af2076aecfb4
doc_0403.pb.gz	13ceb283-20c4-3b25-a4d9-a01b86978092:6974ce5a-c660-310b-84d9-b9fed0ff9548
doc_0404.pb.gz	13ceb283-20c4-3b25-a4d9-a01b86978092:698d51a1-9d8a-321c-a581-499d7b701668
doc_0405.pb.gz	13ceb283-20c4-3b25-a4d9-a01b86978092:69a5b599-5110-336a-9a34-7898d97a610e
doc_0406.pb.gz	13ceb283-20c4-3b25-a4d9-a01b86978092:69cb3ea3-17a3-3c4e-a143-e665fdb20b14
doc_0407.pb.gz	13ceb283-20c4-3b25-a4d9-a01b86978092:6a10bbd4-80e4-3557-bd8f-3af73ae0454b
doc_0408.pb.gz	13ceb283-20c4-3b25-a4d9-a01b86978092:6a2feef8-ed6a-3fe7-ad6b-3f30f02150b4
doc_0409.pb.gz	13ceb283-20c4-3b25-a4d9-a01b86978092:6a9aeddf-c689-31d0-a3b9-ccc3ab651bc5
doc_0410.pb.gz	13ceb283-20c4-3b25-a4d9-a01b86978092:6aab1270-668d-3cac-bcef-2566a1c5f569
doc_0411.pb.gz	13ceb283-20c4-3b25-a4d9-a01b86978092:6aca9700-5c68-3120-a823-815f66102863
doc_0412.pb.gz	13ceb283-20c4-3b25-a4d9-a01b86978092:6b180037-abbe-3ea9-91d8-b1232f8a8ca9
doc_0413.pb.gz	13ceb283-20c4-3b25-a4d9-a01b86978092:6bc24fc1-ab65-3b25-b411-4e93a98f1eba
doc_0414.pb.gz	13ceb283-20c4-3b25-a4d9-a01b86978092:6c14da10-9e29-3d1e-8155-be8aa4b1ce8e
doc_0415.pb.gz	13ceb283-20c4-3b25-a4d9-a01b86978092:6c29793a-140a-311d-8c45-ce03c1c93a28
doc_0416.pb.gz	13ceb283-20c4-3b25-a4d9-a01b86978092:6c340f25-839e-3acd-8734-14517203f5f0
doc_0417.pb.gz	13ceb283-20c4-3b25-a4d9-a01b86978092:6c3cf77d-5282-3cd0-be64-6d38bc2145ca
doc_0418.pb.gz	13ceb283-20c4-3b25-a4d9-a01b86978092:6c4b761a-28b7-34fe-9383-1e3fb400ce87
doc_0419.pb.gz	13ceb283-20c4-3b25-a4d9-a01b86978092:6c524f9d-5d70-3745-8a78-3c841250ba71
doc_0420.pb.gz	13ceb283-20c4-3b25-a4d9-a01b86978092:6c8349cc-7260-3e62-a3b1-396831a8398f
doc_0421.pb.gz	13ceb283-20c4-3b25-a4d9-a01b86978092:6c9882bb-ac1c-3093-bd25-041881277658
doc_0422.pb.gz	13ceb283-20c4-3b25-a4d9-a01b86978092:6cd67d9b-6f01-30c7-bbda-2eda01ae484c
doc_0423.pb.gz	13ceb283-20c4-3b25-a4d9-a01b86978092:6cfe0e61-27fa-35df-aa0e-f2ae1067d915
doc_0424.pb.gz	13ceb283-20c4-3b25-a4d9-a01b86978092:6d0f8463-48a8-3632-9729-a2f36734d1a7
doc_0425.pb.gz	13ceb283-20c4-3b25-a4d9-a01b86978092:6d70cb65-d152-3172-adcc-e4c0e971e21c
doc_0426.pb.gz	13ceb283-20c4-3b25-a4d9-a01b86978092:6da9003b-743b-35f4-80cc-d295cc484e57
doc_0427.pb.gz	13ceb283-20c4-3b25-a4d9-a01b86978092:6e0721b2-c697-3135-b916-ef286bcb49ec
doc_0428.pb.gz	13ceb283-20c4-3b25-a4d9-a01b86978092:6e2713a6-efee-37ba-8b63-e52c54f0ada0
doc_0429.pb.gz	13ceb283-20c4-3b25-a4d9-a01b86978092:6e7b33fd-ea3a-3c80-abd6-48fffb665bb8
doc_0430.pb.gz	13ceb283-20c4-3b25-a4d9-a01b86978092:6e7d2da6-d395-3058-9b75-714ac400b584
doc_0431.pb.gz	13ceb283-20c4-3b25-a4d9-a01b86978092:6ea2ef73-11b4-3272-8a9b-7b0bc0dd85c6
doc_0432.pb.gz	13ceb283-20c4-3b25-a4d9-a01b86978092:6ea9ab1b-aa0e-3b9e-9909-4440c317e21b
doc_0433.pb.gz	13ceb283-20c4-3b25-a4d9-a01b86978092:6eb6e75f-ddec-3218-b51d-c5c0c8464104
doc_0434.pb.gz	13ceb283-20c4-3b25-a4d9-a01b86978092:6ecbdd6e-c859-3284-9c13-885a37ce8d81
doc_0435.pb.gz	13ceb283-20c4-3b25-a4d9-a01b86978092:6f2268bd-1d3d-3eba-abb0-4d6b5d099425
doc_0436.pb.gz	13ceb283-20c4-3b25-a4d9-a01b86978092:6f4922f4-5568-361a-8cdf-4ad2299f6d23
doc_0437.pb.gz	13ceb283-20c4-3b25-a4d9-a01b86978092:704afe07-3992-3be4-813c-ae2f7715336f
doc_0438.pb.gz	13ceb283-20c4-3b25-a4d9-a01b86978092:705f2172-8346-3678-8607-efbfca35afb3
doc_0439.pb.gz	13ceb283-20c4-3b25-a4d9-a01b86978092:708f3cf8-100d-3e71-834b-1db77dfa15d6
doc_0440.pb.gz	13ceb283-20c4-3b25-a4d9-a01b86978092:70efdf2e-c9b0-3607-9795-c442636b55fb
doc_0441.pb.gz	13ceb283-20c4-3b25-a4d9-a01b86978092:7143d7fb-adfa-3693-b9ee-c507d9d37443
doc_0442.pb.gz	13ceb283-20c4-3b25-a4d9-a01b86978092:71ad16ad-2c4d-31f3-8808-2ff6c4b20768
doc_0443.pb.gz	13ceb283-20c4-3b25-a4d9-a01b86978092:7250eb93-b3c1-3cc9-9aa2-9cf58af7a004
doc_0444.pb.gz	13ceb283-20c4-3b25-a4d9-a01b86978092:72b32a1f-754b-31c0-9b36-95e0cb6cde7f
doc_0445.pb.gz	13ceb283-20c4-3b25-a4d9-a01b86978092:72da7fd6-d130-3c0a-959f-6436d01e9eb0
doc_0446.pb.gz	13ceb283-20c4-3b25-a4d9-a01b86978092:731c83db-8d2f-301b-9c00-0083fd3c3740
doc_0447.pb.gz	13ceb283-20c4-3b25-a4d9-a01b86978092:73278a4a-8696-3eeb-976a-8fd4c9ec6997
doc_0448.pb.gz	13ceb283-20c4-3b25-a4d9-a01b86978092:735b90b4-5681-35ed-ac3f-678819b6e058
doc_0449.pb.gz	13ceb283-20c4-3b25-a4d9-a01b86978092:7380ad8a-6732-36ae-87fc-e7bff88e9c33
doc_0450.pb.gz	13ceb283-20c4-3b25-a4d9-a01b86978092:74071a67-3307-3a74-99bc-f75fbd024e09
doc_0451.pb.gz	13ceb283-20c4-3b25-a4d9-a01b86978092:74bba227-28b6-385e-ac06-286af6bec36d
doc_0452.pb.gz	13ceb283-20c4-3b25-a4d9-a01b86978092:74db120f-0a8e-3646-af5a-30154e9f6deb
doc_0453.pb.gz	13ceb283-20c4-3b25-a4d9-a01b86978092:7501e5d4-da87-3c39-9782-741cd794002d
doc_0454.pb.gz	13ceb283-20c4-3b25-a4d9-a01b86978092:7504adad-8bb9-3320-ab3a-fdd4df6e1f60
doc_0455.pb.gz	13ceb283-20c4-3b25-a4d9-a01b86978092:754dda4b-1ba3-3c6f-a897-16b85d68532b
doc_0456.pb.gz	13ceb283-20c4-3b25-a4d9-a01b86978092:75887499-8f5b-30c3-93da-094e1967a72b
doc_0457.pb.gz	13ceb283-20c4-3b25-a4d9-a01b86978092:75fc093c-0ee7-32f6-9dda-a13fff98f104
doc_0458.pb.gz	13ceb283-20c4-3b25-a4d9-a01b86978092:7634ea65-a4e6-3904-9cfd-3f7de18e334a
doc_0459.pb.gz	13ceb283-20c4-3b25-a4d9-a01b86978092:7647966b-7343-3290-8867-3252e490f736
doc_0460.pb.gz	13ceb283-20c4-3b25-a4d9-a01b86978092:766d856e-f1a6-302f-93d8-94415e6bfa0e
doc_0461.pb.gz	13ceb283-20c4-3b25-a4d9-a01b86978092:766ebcd5-9621-3305-9706-16ba3d3dac32
doc_0462.pb.gz	13ceb283-20c4-3b25-a4d9-a01b86978092:76dc611d-6eba-3fc6-acc0-879c71b5db5c
doc_0463.pb.gz	13ceb283-20c4-3b25-a4d9-a01b86978092:788d9869-0553-3aba-8512-61497ecffcbb
doc_0464.pb.gz	13ceb283-20c4-3b25-a4d9-a01b86978092:795c7a7a-5ec6-3460-ac00-c5841019b9e9
doc_0465.pb.gz	13ceb283-20c4-3b25-a4d9-a01b86978092:7a53928f-a4dd-31e8-ac6e-f826f341daec
doc_0466.pb.gz	13ceb283-20c4-3b25-a4d9-a01b86978092:7a614fd0-6c32-3499-b168-0b9896beedeb
doc_0467.pb.gz	13ceb283-20c4-3b25-a4d9-a01b86978092:7bccfde7-714a-3eba-9f06-c5f4cea752c1
doc_0468.pb.gz	13ceb283-20c4-3b25-a4d9-a01b86978092:7bcdf75a-d237-38e0-ae30-1f4091fb6bc8
doc_0469.pb.gz	13ceb283-20c4-3b25-a4d9-a01b86978092:7c590f01-4901-30db-8ed0-2a5070e20f01
doc_0470.pb.gz	13ceb283-20c4-3b25-a4d9-a01b86978092:7c9d0b1f-96ae-3d7b-9eca-8c3edaa19ebb
doc_0471.pb.gz	13ceb283-20c4-3b25-a4d9-a01b86978092:7cbbc409-ec99-3f19-878c-75bd1e06f215
doc_0472.pb.gz	13ceb283-20c4-3b25-a4d9-a01b86978092:7cce53cf-9057-3442-b717-20a370c3c723
doc_0473.pb.gz	13ceb283-20c4-3b25-a4d9-a01b86978092:7ce3284b-743a-3fde-80ff-d9aec500e085
doc_0474.pb.gz	13ceb283-20c4-3b25-a4d9-a01b86978092:7d04bbbe-5494-3e9d-af5a-76aa1c00fa2f
doc_0475.pb.gz	13ceb283-20c4-3b25-a4d9-a01b86978092:7d771e0e-8f36-33ab-9485-6925ecdefc5d
doc_0476.pb.gz	13ceb283-20c4-3b25-a4d9-a01b86978092:7dcd340d-84f7-32eb-a80a-a538b0c527f7
doc_0477.pb.gz	13ceb283-20c4-3b25-a4d9-a01b86978092:7e7757b1-e12a-3cb7-b6ab-9a754ffb617a
doc_0478.pb.gz	13ceb283-20c4-3b25-a4d9-a01b86978092:7e7e69ea-3384-3743-8491-1625ac34321c
doc_0479.pb.gz	13ceb283-20c4-3b25-a4d9-a01b86978092:7eacb532-570f-3685-8afd-2723755ff790
doc_0480.pb.gz	13ceb283-20c4-3b25-a4d9-a01b86978092:7ef605fc-8dba-3425-9696-5fbd4c8fbe1f
doc_0481.pb.gz	13ceb283-20c4-3b25-a4d9-a01b86978092:7f100b7b-3609-3fb9-b06d-fb4fac360931
doc_0482.pb.gz	13ceb283-20c4-3b25-a4d9-a01b86978092:7f1de29e-6da1-3d22-b51c-68001e7e0e54
doc_0483.pb.gz	13ceb283-20c4-3b25-a4d9-a01b86978092:7f24d240-521d-3907-9c93-af3917215ef7
doc_0484.pb.gz	13ceb283-20c4-3b25-a4d9-a01b86978092:7f39f831-7fbd-3198-8ef4-c628eba02591
doc_0485.pb.gz	13ceb283-20c4-3b25-a4d9-a01b86978092:7f5d04d1-89df-3634-a6a8-5bb9d9adf21e
doc_0486.pb.gz	13ceb283-20c4-3b25-a4d9-a01b86978092:7f6ffaa6-bb0b-3080-97b6-2254211691b5
doc_0487.pb.gz	13ceb283-20c4-3b25-a4d9-a01b86978092:7f975a56-c761-3b65-86ec-a0b37ce6ec87
doc_0488.pb.gz	13ceb283-20c4-3b25-a4d9-a01b86978092:7fa732b5-17cb-3d14-a488-43d74526c11a
doc_0489.pb.gz	13ceb283-20c4-3b25-a4d9-a01b86978092:7fec306d-1e66-3bc9-8748-b5d2b99a6e97
doc_0490.pb.gz	13ceb283-20c4-3b25-a4d9-a01b86978092:801c14f0-7f97-3422-9175-b8ef8b4585a8
doc_0491.pb.gz	13ceb283-20c4-3b25-a4d9-a01b86978092:8065d07d-a4a7-3621-850a-a84fee5656d9
doc_0492.pb.gz	13ceb283-20c4-3b25-a4d9-a01b86978092:812b4ba2-87f5-3e0b-89d4-3bbf5bbe87fb
doc_0493.pb.gz	13ceb283-20c4-3b25-a4d9-a01b86978092:81448138-f5f1-33cc-9ba4-acc69819f280
doc_0494.pb.gz	13ceb283-20c4-3b25-a4d9-a01b86978092:816b112c-6105-33eb-9537-828a39af4818
doc_0495.pb.gz	13ceb283-20c4-3b25-a4d9-a01b86978092:818f4654-ed39-31c1-87d1-e51a00ffb4cb
doc_0496.pb.gz	13ceb283-20c4-3b25-a4d9-a01b86978092:81dc9bdb-52d0-3dc2-8036-dbd8313ed055
doc_0497.pb.gz	13ceb283-20c4-3b25-a4d9-a01b86978092:81e5f81d-b77c-3964-92e6-f1a5a792ed53
doc_0498.pb.gz	13ceb283-20c4-3b25-a4d9-a01b86978092:81e74d67-8581-33bb-ba72-0b019f4f1a93
doc_0499.pb.gz	13ceb283-20c4-3b25-a4d9-a01b86978092:82489c97-37cc-3455-b0c7-a6ebef3753ec
doc_0500.pb.gz	13ceb283-20c4-3b25-a4d9-a01b86978092:8248a99e-81e7-32cb-9b41-da3fc43fbe7f
doc_0501.pb.gz	13ceb283-20c4-3b25-a4d9-a01b86978092:82aa4b0a-f34c-3313-a562-076992e50aa3
doc_0502.pb.gz	13ceb283-20c4-3b25-a4d9-a01b86978092:82cec960-96d4-381b-bc95-cd7e74623496
doc_0503.pb.gz	13ceb283-20c4-3b25-a4d9-a01b86978092:838e8afb-1ca3-3354-ac20-9f53d90c3a43
doc_0504.pb.gz	13ceb283-20c4-3b25-a4d9-a01b86978092:839ab468-20b5-34af-9a05-122893c2fe8e
doc_0505.pb.gz	13ceb283-20c4-3b25-a4d9-a01b86978092:83f97f48-2529-3be4-8b79-4ec6a234595f
doc_0506.pb.gz	13ceb283-20c4-3b25-a4d9-a01b86978092:83fa5a43-2ae5-3c25-bd0e-60dbfa716723
doc_0507.pb.gz	13ceb283-20c4-3b25-a4d9-a01b86978092:84117275-be99-3ff5-9a98-7b9381e01f96
doc_0508.pb.gz	13ceb283-20c4-3b25-a4d9-a01b86978092:846c260d-715e-3b85-8ffa-d5f70a516c88
doc_0509.pb.gz	13ceb283-20c4-3b25-a4d9-a01b86978092:847cc55b-7032-308e-ae6d-d897f3bca8a5
doc_0510.pb.gz	13ceb283-20c4-3b25-a4d9-a01b86978092:84f7e699-69de-392a-9255-08f7c1f9579a
doc_0511.pb.gz	13ceb283-20c4-3b25-a4d9-a01b86978092:854d9fca-60b4-3d07-b9bb-215d59ef5561
doc_0512.pb.gz	13ceb283-20c4-3b25-a4d9-a01b86978092:8597a6cf-a74d-3fcb-9e30-47c891d78f90
doc_0513.pb.gz	13ceb283-20c4-3b25-a4d9-a01b86978092:860320be-12a1-3050-8d77-31794e231bd3
doc_0514.pb.gz	13ceb283-20c4-3b25-a4d9-a01b86978092:8613985e-c49e-38f7-97ae-6439e879bb2a
doc_0515.pb.gz	13ceb283-20c4-3b25-a4d9-a01b86978092:86b122d4-3583-37d8-b4a8-7ce618a55de0
doc_0516.pb.gz	13ceb283-20c4-3b25-a4d9-a01b86978092:872488f8-8d1b-3db5-8d55-bc8bba2fad1b
doc_0517.pb.gz	13ceb283-20c4-3b25-a4d9-a01b86978092:8757150d-ecbd-39b0-b544-2ca3db4d0e0e
doc_0518.pb.gz	13ceb283-20c4-3b25-a4d9-a01b86978092:877a9ba7-a98f-35b9-8a9d-49f53f15a858
doc_0519.pb.gz	13ceb283-20c4-3b25-a4d9-a01b86978092:884d247c-6f65-396a-bda4-d1105d584ddd
doc_0520.pb.gz	13ceb283-20c4-3b25-a4d9-a01b86978092:884d7996-3bd8-3c0a-a9b1-3a1aa71add73
doc_0521.pb.gz	13ceb283-20c4-3b25-a4d9-a01b86978092:88ae6372-cfdc-3df6-9a97-6e893f4d554b
doc_0522.pb.gz	13ceb283-20c4-3b25-a4d9-a01b86978092:892c91e0-a653-3a19-9f81-a90f89d99bcd
doc_0523.pb.gz	13ceb283-20c4-3b25-a4d9-a01b86978092:89fcd07f-20b6-385b-9213-4bd6c1d0fa42
doc_0524.pb.gz	13ceb283-20c4-3b25-a4d9-a01b86978092:8a0e1141-fd37-3a5b-98d5-bb769ba1a7cc
doc_0525.pb.gz	13ceb283-20c4-3b25-a4d9-a01b86978092:8a1e808b-55fd-3945-9cb3-d8857ed88389
doc_0526.pb.gz	13ceb283-20c4-3b25-a4d9-a01b86978092:8a3363ab-e792-3b2d-8761-d6403605aeb7
doc_0527.pb.gz	13ceb283-20c4-3b25-a4d9-a01b86978092:8b16ebc0-56e6-3302-8c05-7be590b542eb
doc_0528.pb.gz	13ceb283-20c4-3b25-a4d9-a01b86978092:8b406655-4730-3dfa-a026-6346bdc1b202
doc_0529.pb.gz	13ceb283-20c4-3b25-a4d9-a01b86978092:8b5040a8-a5ba-33e0-a673-86c2e3a9b903
doc_0530.pb.gz	13ceb283-20c4-3b25-a4d9-a01b86978092:8b6dd7db-9af4-3e67-b06f-eb59a8bdc52c
doc_0531.pb.gz	13ceb283-20c4-3b25-a4d9-a01b86978092:8bf1211f-d4b7-3945-a889-9de0a43b9fb3
doc_0532.pb.gz	13ceb283-20c4-3b25-a4d9-a01b86978092:8c19f571-e251-361c-b8dd-3612f26d5ecf
doc_0533.pb.gz	13ceb283-20c4-3b25-a4d9-a01b86978092:8c235f89-a814-3a28-a1d6-067e959dd858
doc_0534.pb.gz	13ceb283-20c4-3b25-a4d9-a01b86978092:8c6744c9-d42e-32cb-9e88-85b54ff744d0
doc_0535.pb.gz	13ceb283-20c4-3b25-a4d9-a01b86978092:8c7bbbba-95c1-3259-b5e5-48cee86dfadc
doc_0536.pb.gz	13ceb283-20c4-3b25-a4d9-a01b86978092:8cb22bdd-0b7b-31ab-93d7-42e22eed8da2
doc_0537.pb.gz	13ceb283-20c4-3b25-a4d9-a01b86978092:8ce6790c-c6a9-3e65-b17f-908f462fae85
doc_0538.pb.gz	13ceb283-20c4-3b25-a4d9-a01b86978092:8d34201a-5b85-3009-88db-6cae92723617
doc_0539.pb.gz	13ceb283-20c4-3b25-a4d9-a01b86978092:8d3bba74-25e7-398c-90f5-2ca1b52d3735
doc_0540.pb.gz	13ceb283-20c4-3b25-a4d9-a01b86978092:8d5e957f-2978-3348-bbd9-8fa830fa6413
doc_0541.pb.gz	13ceb283-20c4-3b25-a4d9-a01b86978092:8d6dc35e-506f-3233-89dd-10ee68dabb64
doc_0542.pb.gz	13ceb283-20c4-3b25-a4d9-a01b86978092:8d7d8ee0-69cb-3cbb-b816-bbb65d56947e
doc_0543.pb.gz	13ceb283-20c4-3b25-a4d9-a01b86978092:8dd48d6a-2e2c-3d21-b179-a3992c0be53c
doc_0544.pb.gz	13ceb283-20c4-3b25-a4d9-a01b86978092:8df707a9-48fa-31b4-a0f9-7aa554886ec8
doc_0545.pb.gz	13ceb283-20c4-3b25-a4d9-a01b86978092:8e296a06-7a37-3633-b0de-d05f5a3bf3ec
doc_0546.pb.gz	13ceb283-20c4-3b25-a4d9-a01b86978092:8e6b42f1-644e-3b13-a7dc-03ab345e618b
doc_0547.pb.gz	13ceb283-20c4-3b25-a4d9-a01b86978092:8e82ab72-43b7-366d-b68f-1b8ce1c967eb
doc_0548.pb.gz	13ceb283-20c4-3b25-a4d9-a01b86978092:8e98d81f-8217-3049-b5cc-b23337bb5761
doc_0549.pb.gz	13ceb283-20c4-3b25-a4d9-a01b86978092:8ebda540-cbcc-3d73-b649-6819a46a1b68
doc_0550.pb.gz	13ceb283-20c4-3b25-a4d9-a01b86978092:8eefcfdf-5990-3441-b0fb-6f3fad709e21
doc_0551.pb.gz	13ceb283-20c4-3b25-a4d9-a01b86978092:8f121ce0-7d74-317e-8b1f-21d122e04521
doc_0552.pb.gz	13ceb283-20c4-3b25-a4d9-a01b86978092:8f14e45f-ceea-367a-9a36-dedd4bea2543
doc_0553.pb.gz	13ceb283-20c4-3b25-a4d9-a01b86978092:8f1d4362-0bc6-3b58-8df6-e80b0dc05c48
doc_0554.pb.gz	13ceb283-20c4-3b25-a4d9-a01b86978092:8f468c87-3a32-3b06-99ea-eb2050ba45d1
doc_0555.pb.gz	13ceb283-20c4-3b25-a4d9-a01b86978092:8f7d807e-1f53-3ff5-b9ef-be5cb81090fb
doc_0556.pb.gz	13ceb283-20c4-3b25-a4d9-a01b86978092:8fe0093b-b30d-3f8c-b147-4bd0764e6ac0
doc_0557.pb.gz	13ceb283-20c4-3b25-a4d9-a01b86978092:903ce922-5fca-3e98-8c2a-f215d4e544d3
doc_0558.pb.gz	13ceb283-20c4-3b25-a4d9-a01b86978092:905056c1-ac1d-3d14-9560-467e0a99e1cf
doc_0559.pb.gz	13ceb283-20c4-3b25-a4d9-a01b86978092:90794e3b-050f-3153-94e3-e29e977a88ab
doc_0560.pb.gz	13ceb283-20c4-3b25-a4d9-a01b86978092:912d2b1c-7b28-36ca-b996-87388d2e8f7c
doc_0561.pb.gz	13ceb283-20c4-3b25-a4d9-a01b86978092:918317b5-7931-36b7-a7d2-9490fe5ec9f9
doc_0562.pb.gz	13ceb283-20c4-3b25-a4d9-a01b86978092:9188905e-74c2-3e48-9b44-e954ec0b9bca
doc_0563.pb.gz	13ceb283-20c4-3b25-a4d9-a01b86978092:92262bf9-07af-314b-95a0-fc33c3f33bf6
doc_0564.pb.gz	13ceb283-20c4-3b25-a4d9-a01b86978092:9246444d-94f0-31e3-9498-03b928260f56
doc_0565.pb.gz	13ceb283-20c4-3b25-a4d9-a01b86978092:92c8c96e-4c37-3007-b7c7-190b76d28233
doc_0566.pb.gz	13ceb283-20c4-3b25-a4d9-a01b86978092:92cc2275-32d1-3e56-a079-02b254dfad10
doc_0567.pb.gz	13ceb283-20c4-3b25-a4d9-a01b86978092:92fb0c6d-1758-361f-90d0-52e6e2c1123c
doc_0568.pb.gz	13ceb283-20c4-3b25-a4d9-a01b86978092:93db85ed-909c-3383-8ff9-5ccfa94cebd9
doc_0569.pb.gz	13ceb283-20c4-3b25-a4d9-a01b86978092:9461cce2-8ebe-3e76-bb4b-931c35a169b0
doc_0570.pb.gz	13ceb283-20c4-3b25-a4d9-a01b86978092:94c7bb58-efc3-3337-8008-75b5d382a072
doc_0571.pb.gz	13ceb283-20c4-3b25-a4d9-a01b86978092:94f6d7e0-4a4d-3520-b530-0f18b984988c
doc_0572.pb.gz	13ceb283-20c4-3b25-a4d9-a01b86978092:950a4152-c2b4-3a3a-978b-dd6b366cc179
doc_0573.pb.gz	13ceb283-20c4-3b25-a4d9-a01b86978092:96b9bff0-13ac-3dfb-9d14-0579e2fbeb63
doc_0574.pb.gz	13ceb283-20c4-3b25-a4d9-a01b86978092:96ea64f3-a1aa-3fd0-8c72-faacf0cb8ac9
doc_0575.pb.gz	13ceb283-20c4-3b25-a4d9-a01b86978092:9766527f-2b5d-3e95-94a7-33fcfb77bd7e
doc_0576.pb.gz	13ceb283-20c4-3b25-a4d9-a01b86978092:9778d5d2-19c5-380b-9a6a-17bef029331c
doc_0577.pb.gz	13ceb283-20c4-3b25-a4d9-a01b86978092:97af4fb3-22bb-3c89-b3ad-e16764156bed
doc_0578.pb.gz	13ceb283-20c4-3b25-a4d9-a01b86978092:97e8527f-eaf7-3a97-bc38-f34216141515
doc_0579.pb.gz	13ceb283-20c4-3b25-a4d9-a01b86978092:98d6f58a-b0da-3bb8-ab08-3a001561bb34
doc_0580.pb.gz	13ceb283-20c4-3b25-a4d9-a01b86978092:98dce83d-a57b-3395-a163-467c9dae521b
doc_0581.pb.gz	13ceb283-20c4-3b25-a4d9-a01b86978092:98f13708-2101-34c4-b568-7be6106a3b84
doc_0582.pb.gz	13ceb283-20c4-3b25-a4d9-a01b86978092:995e1fda-4a2b-3f55-af0d-f50868bf2a8f
doc_0583.pb.gz	13ceb283-20c4-3b25-a4d9-a01b86978092:996a7fa0-78cc-36c4-ad02-f9af3bef918b
doc_0584.pb.gz	13ceb283-20c4-3b25-a4d9-a01b86978092:9996535e-0725-3a7b-bfd8-b132435c5962
doc_0585.pb.gz	13ceb283-20c4-3b25-a4d9-a01b86978092:99bcfcd7-54a9-3ce8-9cb8-6f73acc04645
doc_0586.pb.gz	13ceb283-20c4-3b25-a4d9-a01b86978092:99c5e07b-4d5d-39d1-8c35-0cdf64c5aa3d
doc_0587.pb.gz	13ceb283-20c4-3b25-a4d9-a01b86978092:9a115815-4dfa-32ca-9dbd-0694a4e9bdc8
doc_0588.pb.gz	13ceb283-20c4-3b25-a4d9-a01b86978092:9a3d4583-22d7-3046-b63d-fd8b0153ece4
doc_0589.pb.gz	13ceb283-20c4-3b25-a4d9-a01b86978092:9ac403da-7947-3183-884c-18a67d3aa8de
doc_0590.pb.gz	13ceb283-20c4-3b25-a4d9-a01b86978092:9ad6aaed-513b-3314-8b7d-49f70afcfb32
doc_0591.pb.gz	13ceb283-20c4-3b25-a4d9-a01b86978092:9adeb82f-ffb5-344e-81fa-0ce8ad8afe7a
doc_0592.pb.gz	13ceb283-20c4-3b25-a4d9-a01b86978092:9b04d152-845e-30a3-b839-4003c96da594
doc_0593.pb.gz	13ceb283-20c4-3b25-a4d9-a01b86978092:9b698eb3-105b-3825-a8f2-3d0c92dedfc0
doc_0594.pb.gz	13ceb283-20c4-3b25-a4d9-a01b86978092:9b72e31d-ac81-3154-a6cd-580a448cf823
doc_0595.pb.gz	13ceb283-20c4-3b25-a4d9-a01b86978092:9b861925-1a19-357c-bf70-779273e95aa6
doc_0596.pb.gz	13ceb283-20c4-3b25-a4d9-a01b86978092:9be40cee-5b0e-3e14-a2c8-2c6964087ff9
doc_0597.pb.gz	13ceb283-20c4-3b25-a4d9-a01b86978092:9bf31c7f-f062-336a-96d3-c8bd1f8f2ff3
doc_0598.pb.gz	13ceb283-20c4-3b25-a4d9-a01b86978092:9c01802d-db98-3e6b-8fbe-c0f0516b8e35
doc_0599.pb.gz	13ceb283-20c4-3b25-a4d9-a01b86978092:9c3b1830-513c-33b8-bc4b-76635d32e692
doc_0600.pb.gz	13ceb283-20c4-3b25-a4d9-a01b86978092:9c82c714-3c10-3b71-8593-d98d96093fde
doc_0601.pb.gz	13ceb283-20c4-3b25-a4d9-a01b86978092:9c838d2e-45b2-3d10-94d4-2f4ef36764f6
doc_0602.pb.gz	13ceb283-20c4-3b25-a4d9-a01b86978092:9cc138f8-dc04-3bf1-a240-daa92d8d50e2
doc_0603.pb.gz	13ceb283-20c4-3b25-a4d9-a01b86978092:9cf81d80-26a9-3180-92c4-29cc4e56739b
doc_0604.pb.gz	13ceb283-20c4-3b25-a4d9-a01b86978092:9cfdf10e-8fc0-37a4-8b08-ed031e1f0ed1
doc_0605.pb.gz	13ceb283-20c4-3b25-a4d9-a01b86978092:9da187a7-a191-331d-b943-a9a5a6fec6f4
doc_0606.pb.gz	13ceb283-20c4-3b25-a4d9-a01b86978092:9de6d14f-ff98-36d4-bcd1-ef555be766cd
doc_0607.pb.gz	13ceb283-20c4-3b25-a4d9-a01b86978092:9dfcd5e5-58df-304a-af37-f137a1d9d3e5
doc_0608.pb.gz	13ceb283-20c4-3b25-a4d9-a01b86978092:9e3cfc48-eccf-31a0-9576-63e129aef3cb
doc_0609.pb.gz	13ceb283-20c4-3b25-a4d9-a01b86978092:9f36407e-ad06-39fc-966f-14dde7970f68
doc_0610.pb.gz	13ceb283-20c4-3b25-a4d9-a01b86978092:9f53d83e-c069-3550-b7d2-507d57f4f5a2
doc_0611.pb.gz	13ceb283-20c4-3b25-a4d9-a01b86978092:9f61408e-3afb-333e-90cd-f1b20de6f466
doc_0612.pb.gz	13ceb283-20c4-3b25-a4d9-a01b86978092:9fc3d715-2ba9-336a-a70e-36d0ed79bc43
doc_0613.pb.gz	13ceb283-20c4-3b25-a4d9-a01b86978092:9fd81843-ad7f-302f-a6c1-a174c7357585
doc_0614.pb.gz	13ceb283-20c4-3b25-a4d9-a01b86978092:a0160709-7011-3070-8575-d499c997b6ca
doc_0615.pb.gz	13ceb283-20c4-3b25-a4d9-a01b86978092:a0161022-8fe9-38f5-95a7-2dd730294d87
doc_0616.pb.gz	13ceb283-20c4-3b25-a4d9-a01b86978092:a02ffd91-ece5-37ef-ab46-db8f10a74059
doc_0617.pb.gz	13ceb283-20c4-3b25-a4d9-a01b86978092:a0a080f4-2e6f-33b3-a2df-133f073095dd
doc_0618.pb.gz	13ceb283-20c4-3b25-a4d9-a01b86978092:a0e2a2c5-63d5-3df2-b213-ede1ac4ac780
doc_0619.pb.gz	13ceb283-20c4-3b25-a4d9-a01b86978092:a113c1ec-d3ca-3e22-b725-6f4c712f61b5
doc_0620.pb.gz	13ceb283-20c4-3b25-a4d9-a01b86978092:a1519de5-b5d4-3b31-a01d-e013b9b51a80
doc_0621.pb.gz	13ceb283-20c4-3b25-a4d9-a01b86978092:a1d0c6e8-3f02-3327-9846-1063f4ac58a6
doc_0622.pb.gz	13ceb283-20c4-3b25-a4d9-a01b86978092:a1d33d0d-fec8-30b4-9b54-430b50e96b5c
doc_0623.pb.gz	13ceb283-20c4-3b25-a4d9-a01b86978092:a1d50185-e742-3cbb-8aca-d1e6ca74b9aa
doc_0624.pb.gz	13ceb283-20c4-3b25-a4d9-a01b86978092:a2137a2a-e8e3-3b50-82a3-f8909ecb88fe
doc_0625.pb.gz	13ceb283-20c4-3b25-a4d9-a01b86978092:a26398dc-a6f4-3b49-876c-baffbc9954f9
doc_0626.pb.gz	13ceb283-20c4-3b25-a4d9-a01b86978092:a34bacf8-39b9-3377-8b2c-360eefa26748
doc_0627.pb.gz	13ceb283-20c4-3b25-a4d9-a01b86978092:a3c65c29-7427-3fd0-93ee-8a9bf8ae7d0b
doc_0628.pb.gz	13ceb283-20c4-3b25-a4d9-a01b86978092:a3f390d8-8e4c-31f2-b47b-fa2f1b5f87db
doc_0629.pb.gz	13ceb283-20c4-3b25-a4d9-a01b86978092:a3fb4fbf-9a6f-3cf0-9166-aa9c20cbc1ad
doc_0630.pb.gz	13ceb283-20c4-3b25-a4d9-a01b86978092:a42a596f-c71e-3782-8440-030074d15e74
doc_0631.pb.gz	13ceb283-20c4-3b25-a4d9-a01b86978092:a4300b00-2bcf-371f-a91d-ac175d52df94
doc_0632.pb.gz	13ceb283-20c4-3b25-a4d9-a01b86978092:a49e9411-d64f-353e-8cfd-d09ad10a15b3
doc_0633.pb.gz	13ceb283-20c4-3b25-a4d9-a01b86978092:a4f23670-e183-3f3f-9b07-7ca70bbd5d66
doc_0634.pb.gz	13ceb283-20c4-3b25-a4d9-a01b86978092:a516a87c-fcae-3229-b342-c437fe2b95f7
doc_0635.pb.gz	13ceb283-20c4-3b25-a4d9-a01b86978092:a532400e-d62e-372b-9dc0-b86f46e583ff
doc_0636.pb.gz	13ceb283-20c4-3b25-a4d9-a01b86978092:a5771bce-93e2-30c3-af7c-d9dfd0e5deaa
doc_0637.pb.gz	13ceb283-20c4-3b25-a4d9-a01b86978092:a58149d3-55f0-3887-9fbe-55ebb2b64ba3
doc_0638.pb.gz	13ceb283-20c4-3b25-a4d9-a01b86978092:a5bfc9e0-7964-38dd-9eb9-5fc584cd965d
doc_0639.pb.gz	13ceb283-20c4-3b25-a4d9-a01b86978092:a5cdd4aa-0048-3187-b718-2f1b9ce7a6a7
doc_0640.pb.gz	13ceb283-20c4-3b25-a4d9-a01b86978092:a5e00132-373a-3031-800f-d987a3c9f87b
doc_0641.pb.gz	13ceb283-20c4-3b25-a4d9-a01b86978092:a5e0ff62-be0b-3845-afc7-f1e88812af3d
doc_0642.pb.gz	13ceb283-20c4-3b25-a4d9-a01b86978092:a64c94ba-af36-3e18-80a1-324e839230de
doc_0643.pb.gz	13ceb283-20c4-3b25-a4d9-a01b86978092:a67f0968-0941-3ca1-89f1-12d96d27689b
doc_0644.pb.gz	13ceb283-20c4-3b25-a4d9-a01b86978092:a684ecee-e76f-3522-b732-86a895bc8436
doc_0645.pb.gz	13ceb283-20c4-3b25-a4d9-a01b86978092:a7d8ae45-6912-3b5b-ac12-e7b6e9648b86
doc_0646.pb.gz	13ceb283-20c4-3b25-a4d9-a01b86978092:a8240cb8-235e-3c49-ba0c-30607586166c
doc_0647.pb.gz	13ceb283-20c4-3b25-a4d9-a01b86978092:a86c450b-76fb-3c37-9afe-ad6410d55534
doc_0648.pb.gz	13ceb283-20c4-3b25-a4d9-a01b86978092:a87ff679-a2f3-371d-9181-a67b7542122c
doc_0649.pb.gz	13ceb283-20c4-3b25-a4d9-a01b86978092:a89cf525-e1d9-304d-96ce-31165e139a4b
doc_0650.pb.gz	13ceb283-20c4-3b25-a4d9-a01b86978092:a8abb4bb-284b-3b27-aa7c-b790dc20f80b
doc_0651.pb.gz	13ceb283-20c4-3b25-a4d9-a01b86978092:a8baa565-54f9-3369-ab93-e4f3bb068c22
doc_0652.pb.gz	13ceb283-20c4-3b25-a4d9-a01b86978092:a8c88a00-55f6-36e4-a163-a5e3d16adab7
doc_0653.pb.gz	13ceb283-20c4-3b25-a4d9-a01b86978092:a8ecbaba-e151-3bac-ba7d-bde04f761c37
doc_0654.pb.gz	13ceb283-20c4-3b25-a4d9-a01b86978092:a8f15eda-80c5-3adb-8e71-943adc8015cf
doc_0655.pb.gz	13ceb283-20c4-3b25-a4d9-a01b86978092:a9078e86-5336-3c9c-a91a-e2f8b74012e7
doc_0656.pb.gz	13ceb283-20c4-3b25-a4d9-a01b86978092:a96b65a7-21e5-31e1-a3de-768ac819ffbb
doc_0657.pb.gz	13ceb283-20c4-3b25-a4d9-a01b86978092:a97da629-b098-375c-a94d-ffdc3e463904
doc_0658.pb.gz	13ceb283-20c4-3b25-a4d9-a01b86978092:a9a1d531-7a33-3e8c-af33-961c34144f84
doc_0659.pb.gz	13ceb283-20c4-3b25-a4d9-a01b86978092:a9a6653e-4897-3138-966d-e32772b1bf40
doc_0660.pb.gz	13ceb283-20c4-3b25-a4d9-a01b86978092:a9b7ba70-783b-317e-9998-dc4dd82eb3c5
doc_0661.pb.gz	13ceb283-20c4-3b25-a4d9-a01b86978092:a9eb8122-38f7-3313-a652-ae09963a05e9
doc_0662.pb.gz	13ceb283-20c4-3b25-a4d9-a01b86978092:aa169b49-b583-32b5-af89-203c2b78c67c
doc_0663.pb.gz	13ceb283-20c4-3b25-a4d9-a01b86978092:aa68c75c-4a77-387f-97fb-686b2f068676
doc_0664.pb.gz	13ceb283-20c4-3b25-a4d9-a01b86978092:aa942ab2-bfa6-3bda-8840-e7360ce6e7ef
doc_0665.pb.gz	13ceb283-20c4-3b25-a4d9-a01b86978092:aab32389-22bc-325a-af60-6eb525ffdc56
doc_0666.pb.gz	13ceb283-20c4-3b25-a4d9-a01b86978092:aace49c7-d807-37cf-bec0-e513ae886df0
doc_0667.pb.gz	13ceb283-20c4-3b25-a4d9-a01b86978092:ab233b68-2ec3-3564-8e78-91e66c54191b
doc_0668.pb.gz	13ceb283-20c4-3b25-a4d9-a01b86978092:ab817c93-49cf-3c4f-a877-e1894a1faa00
doc_0669.pb.gz	13ceb283-20c4-3b25-a4d9-a01b86978092:ab88b157-33f5-3317-9858-600245108dd8
doc_0670.pb.gz	13ceb283-20c4-3b25-a4d9-a01b86978092:abd81528-6ba1-307a-bfbb-8415b83ae2cf
doc_0671.pb.gz	13ceb283-20c4-3b25-a4d9-a01b86978092:abea47ba-2414-3ed1-ab7d-8fbf2c740e0d
doc_0672.pb.gz	13ceb283-20c4-3b25-a4d9-a01b86978092:ac1dd209-cbcc-3e5d-9c6e-28598e8cbbe8
doc_0673.pb.gz	13ceb283-20c4-3b25-a4d9-a01b86978092:ac627ab1-ccbd-362e-896e-702f07f6425b
doc_0674.pb.gz	13ceb283-20c4-3b25-a4d9-a01b86978092:acc3e040-4646-3575-82b4-80dc052c4fe1
doc_0675.pb.gz	13ceb283-20c4-3b25-a4d9-a01b86978092:acf4b89d-3d50-3d82-92c9-c4ba75ddbf6d
doc_0676.pb.gz	13ceb283-20c4-3b25-a4d9-a01b86978092:ad13a2a0-7ca4-3764-a959-dc0c4c740ab6
doc_0677.pb.gz	13ceb283-20c4-3b25-a4d9-a01b86978092:ad61ab14-3223-3fbc-a4c7-d2583be69251
doc_0678.pb.gz	13ceb283-20c4-3b25-a4d9-a01b86978092:ad972f10-e080-3b49-976f-ed33a21f6698
doc_0679.pb.gz	13ceb283-20c4-3b25-a4d9-a01b86978092:addfa9b7-e234-354d-a6e9-c7f2af1005cb
doc_0680.pb.gz	13ceb283-20c4-3b25-a4d9-a01b86978092:ae0eb3ee-d39d-3bce-b462-2b2499a05fe6
doc_0681.pb.gz	13ceb283-20c4-3b25-a4d9-a01b86978092:ae5e3ce4-0e04-34a4-9eca-caaf05e5f735
doc_0682.pb.gz	13ceb283-20c4-3b25-a4d9-a01b86978092:aeb3135b-436a-3553-b382-2c010763dd54
doc_0683.pb.gz	13ceb283-20c4-3b25-a4d9-a01b86978092:af21d0c9-7db2-327e-9357-2cbf59eb343d
doc_0684.pb.gz	13ceb283-20c4-3b25-a4d9-a01b86978092:afd48367-12c5-3775-9089-7e25711e1d96
doc_0685.pb.gz	13ceb283-20c4-3b25-a4d9-a01b86978092:afda3322-45e2-3f43-9fb7-b672a68b659d
doc_0686.pb.gz	13ceb283-20c4-3b25-a4d9-a01b86978092:afdec700-5cc9-3143-82cd-0474fd0f3c96
doc_0687.pb.gz	13ceb283-20c4-3b25-a4d9-a01b86978092:aff16212-54f7-31be-92f6-4550478c56e6
doc_0688.pb.gz	13ceb283-20c4-3b25-a4d9-a01b86978092:b056eb15-8758-3b71-a2da-9acfe4fbd19e
doc_0689.pb.gz	13ceb283-20c4-3b25-a4d9-a01b86978092:b0b183c2-07f4-3f0c-8a7d-c63b2604f5cc
doc_0690.pb.gz	13ceb283-20c4-3b25-a4d9-a01b86978092:b137fdd1-f79d-36c7-adf3-365fea7520f2
doc_0691.pb.gz	13ceb283-20c4-3b25-a4d9-a01b86978092:b1563a78-ec59-3375-87f6-ab6397699afc
doc_0692.pb.gz	13ceb283-20c4-3b25-a4d9-a01b86978092:b1a59b31-5fc9-3300-ace3-8bbe070ec3f5
doc_0693.pb.gz	13ceb283-20c4-3b25-a4d9-a01b86978092:b1eec33c-726a-3055-8bc7-8518d5f9b32c
doc_0694.pb.gz	13ceb283-20c4-3b25-a4d9-a01b86978092:b2eb7349-0357-3495-bb57-a32e2841bda5
doc_0695.pb.gz	13ceb283-20c4-3b25-a4d9-a01b86978092:b2eeb736-2ef8-3def-b5c7-813a67e14f0a
doc_0696.pb.gz	13ceb283-20c4-3b25-a4d9-a01b86978092:b2f627ff-f19f-3a46-bcb3-86442eac2b3d
doc_0697.pb.gz	13ceb283-20c4-3b25-a4d9-a01b86978092:b337e84d-e875-3b27-ada3-a12363109e80
doc_0698.pb.gz	13ceb283-20c4-3b25-a4d9-a01b86978092:b3967a0e-938d-32a6-b40e-258630febd5a
doc_0699.pb.gz	13ceb283-20c4-3b25-a4d9-a01b86978092:b3ba8f1b-ee12-38a2-b376-03d90b58898d
doc_0700.pb.gz	13ceb283-20c4-3b25-a4d9-a01b86978092:b3e3e393-c77e-35a4-a3f3-cbd1e429b5dc
doc_0701.pb.gz	13ceb283-20c4-3b25-a4d9-a01b86978092:b4288d9c-0ec0-3184-9b3b-3728321e7088
doc_0702.pb.gz	13ceb283-20c4-3b25-a4d9-a01b86978092:b4a52895-5b84-3584-974e-92d025a75d1f
doc_0703.pb.gz	13ceb283-20c4-3b25-a4d9-a01b86978092:b4d168b4-8157-3623-bbd0-95b4a565b5bb
doc_0704.pb.gz	13ceb283-20c4-3b25-a4d9-a01b86978092:b534ba68-236b-3543-ae44-b22bd110a1d6
doc_0705.pb.gz	13ceb283-20c4-3b25-a4d9-a01b86978092:b53b3a3d-6ab9-3ce0-a682-29151c9bde11
doc_0706.pb.gz	13ceb283-20c4-3b25-a4d9-a01b86978092:b55ec28c-52d5-3620-9684-a473a2193564
doc_0707.pb.gz	13ceb283-20c4-3b25-a4d9-a01b86978092:b56a18e0-eacd-351a-a2a5-306b0f533204
doc_0708.pb.gz	13ceb283-20c4-3b25-a4d9-a01b86978092:b571ecea-16a9-3240-a3ee-1af16897a582
doc_0709.pb.gz	13ceb283-20c4-3b25-a4d9-a01b86978092:b59c67bf-196a-3758-991e-42f76670ceba
doc_0710.pb.gz	13ceb283-20c4-3b25-a4d9-a01b86978092:b5b41fac-0361-3157-9967-3ecb926af5ae
doc_0711.pb.gz	13ceb283-20c4-3b25-a4d9-a01b86978092:b5dc4e5d-9b49-3d01-96f6-1d45b26ef33e
doc_0712.pb.gz	13ceb283-20c4-3b25-a4d9-a01b86978092:b6a1085a-27ab-3bff-b550-f8a3bd017df8
doc_0713.pb.gz	13ceb283-20c4-3b25-a4d9-a01b86978092:b6d767d2-f8ed-3d21-a44b-0e5886680cb9
doc_0714.pb.gz	13ceb283-20c4-3b25-a4d9-a01b86978092:b6edc1cd-1f36-345d-af6d-7824d7bb2283
doc_0715.pb.gz	13ceb283-20c4-3b25-a4d9-a01b86978092:b6f0479a-e87d-3449-b543-9c6124592772
doc_0716.pb.gz	13ceb283-20c4-3b25-a4d9-a01b86978092:b706835d-e79a-3b4e-8050-6f582af3676a
doc_0717.pb.gz	13ceb283-20c4-3b25-a4d9-a01b86978092:b73ce398-c39f-306a-b761-d2277d853a92
doc_0718.pb.gz	13ceb283-20c4-3b25-a4d9-a01b86978092:b7892fb3-c2f0-39c6-9f68-6f6355c895b5
doc_0719.pb.gz	13ceb283-20c4-3b25-a4d9-a01b86978092:b7b16ecf-8ca5-3723-9938-94116071700c
doc_0720.pb.gz	13ceb283-20c4-3b25-a4d9-a01b86978092:b7bb35b9-c6ca-3aee-adf0-8cf09d7016c2
doc_0721.pb.gz	13ceb283-20c4-3b25-a4d9-a01b86978092:b7ee6f5f-9aa5-3d17-8a1a-ea43ce848496
doc_0722.pb.gz	13ceb283-20c4-3b25-a4d9-a01b86978092:b86e8d03-fe99-3d1b-8e19-656875ee557c
doc_0723.pb.gz	13ceb283-20c4-3b25-a4d9-a01b86978092:b8c37e33-defd-351c-b91e-1e03e51657da
doc_0724.pb.gz	13ceb283-20c4-3b25-a4d9-a01b86978092:b9141aff-1412-3c76-b40b-3822d9ea6c72
doc_0725.pb.gz	13ceb283-20c4-3b25-a4d9-a01b86978092:b9228e09-62a7-3b84-b3d5-d92f4faa000b
doc_0726.pb.gz	13ceb283-20c4-3b25-a4d9-a01b86978092:b9d487a3-0398-342e-8ff5-5c228ed5652b
doc_0727.pb.gz	13ceb283-20c4-3b25-a4d9-a01b86978092:ba386660-0c35-30f6-bc1e-9575e213be0a
doc_0728.pb.gz	13ceb283-20c4-3b25-a4d9-a01b86978092:bac9162b-47c5-3fc8-a4d2-a519803d51b3
doc_0729.pb.gz	13ceb283-20c4-3b25-a4d9-a01b86978092:bbcbff5c-1f1d-3d46-825d-28119a85c6c2
doc_0730.pb.gz	13ceb283-20c4-3b25-a4d9-a01b86978092:bbf94b34-eb32-368a-9a57-a3be5062fe7d
doc_0731.pb.gz	13ceb283-20c4-3b25-a4d9-a01b86978092:bca82e41-ee7b-3833-9883-99b1fcd177c7
doc_0732.pb.gz	13ceb283-20c4-3b25-a4d9-a01b86978092:bd4c9ab7-30f5-3132-86b9-99ec0d90d1fb
doc_0733.pb.gz	13ceb283-20c4-3b25-a4d9-a01b86978092:bdb106a0-560c-3e46-8cc4-88ef010af787
doc_0734.pb.gz	13ceb283-20c4-3b25-a4d9-a01b86978092:be3159ad-0456-3bfb-90db-9e32851ebf9c
doc_0735.pb.gz	13ceb283-20c4-3b25-a4d9-a01b86978092:be83ab3e-cd0d-3773-ab2d-c1b0a17836a1
doc_0736.pb.gz	13ceb283-20c4-3b25-a4d9-a01b86978092:bea5955b-3083-31a1-b07b-c55042e25e54
doc_0737.pb.gz	13ceb283-20c4-3b25-a4d9-a01b86978092:beb22fb6-94d5-33ed-8f55-33cf006dfeae
doc_0738.pb.gz	13ceb283-20c4-3b25-a4d9-a01b86978092:beed1360-2b9b-3e6e-8b5b-568ff5058f07
doc_0739.pb.gz	13ceb283-20c4-3b25-a4d9-a01b86978092:bf62768c-a46b-3c3b-9bea-9515d1a1fc45
doc_0740.pb.gz	13ceb283-20c4-3b25-a4d9-a01b86978092:c058f544-c737-382d-aace-fa532d9add4c
doc_0741.pb.gz	13ceb283-20c4-3b25-a4d9-a01b86978092:c06d06da-9666-3219-9b15-cf575aff2824
doc_0742.pb.gz	13ceb283-20c4-3b25-a4d9-a01b86978092:c0c7c76d-30bd-3dca-afc9-6f40275bdc0a
doc_0743.pb.gz	13ceb283-20c4-3b25-a4d9-a01b86978092:c0f168ce-8900-3a56-a577-89e2a2f2c9d0
doc_0744.pb.gz	13ceb283-20c4-3b25-a4d9-a01b86978092:c15da1f2-b5e5-3d6e-a837-a3802f0d1593
doc_0745.pb.gz	13ceb283-20c4-3b25-a4d9-a01b86978092:c16a5320-fa47-3530-9958-3c34fd356ef5
doc_0746.pb.gz	13ceb283-20c4-3b25-a4d9-a01b86978092:c203d8a1-5161-3acf-9245-7e4d67635a95
doc_0747.pb.gz	13ceb283-20c4-3b25-a4d9-a01b86978092:c20ad4d7-6fe9-3759-aa27-a0c99bff6710
doc_0748.pb.gz	13ceb283-20c4-3b25-a4d9-a01b86978092:c21002f4-64c5-3c5b-ae3b-98ced83963b8
doc_0749.pb.gz	13ceb283-20c4-3b25-a4d9-a01b86978092:c22abfa3-79f3-3b5b-8411-bc11fa9bf92f
doc_0750.pb.gz	13ceb283-20c4-3b25-a4d9-a01b86978092:c24cd76e-1ce4-3366-a4bb-e8a49b02a028
doc_0751.pb.gz	13ceb283-20c4-3b25-a4d9-a01b86978092:c2626d85-0c80-3a07-a751-1bbae4c76f4b
doc_0752.pb.gz	13ceb283-20c4-3b25-a4d9-a01b86978092:c2aee861-57b4-340b-b813-2f1e71a9e6f1
doc_0753.pb.gz	13ceb283-20c4-3b25-a4d9-a01b86978092:c32d9bf2-7a3d-37ec-8163-957080c8628e
doc_0754.pb.gz	13ceb283-20c4-3b25-a4d9-a01b86978092:c361bc7b-2c03-3a83-9663-b8d9fb4be56e
doc_0755.pb.gz	13ceb283-20c4-3b25-a4d9-a01b86978092:c3992e9a-68c5-3e12-bd18-488bc579b30d
doc_0756.pb.gz	13ceb283-20c4-3b25-a4d9-a01b86978092:c399862d-3b9d-3b76-8843-6e924a68c45b
doc_0757.pb.gz	13ceb283-20c4-3b25-a4d9-a01b86978092:c3c59e5f-8b3e-3753-913f-4d435b53c308
doc_0758.pb.gz	13ceb283-20c4-3b25-a4d9-a01b86978092:c3e0c62e-e91d-38dc-b382-bde7419bb573
doc_0759.pb.gz	13ceb283-20c4-3b25-a4d9-a01b86978092:c3e878e2-7f52-32a5-bace-4d9a76fd9acf
doc_0760.pb.gz	13ceb283-20c4-3b25-a4d9-a01b86978092:c4015b7f-368e-3b48-b180-9f49debe0579
doc_0761.pb.gz	13ceb283-20c4-3b25-a4d9-a01b86978092:c410003e-f13d-3517-a7ae-ff9082c29a5c
doc_0762.pb.gz	13ceb283-20c4-3b25-a4d9-a01b86978092:c44e5038-33b6-3e9f-a719-7a484f4257c0
doc_0763.pb.gz	13ceb283-20c4-3b25-a4d9-a01b86978092:c45147de-e729-311e-b5b5-c3003946c48f
doc_0764.pb.gz	13ceb283-20c4-3b25-a4d9-a01b86978092:c4ca4238-a0b9-3382-8dcc-509a6f75849b
doc_0765.pb.gz	13ceb283-20c4-3b25-a4d9-a01b86978092:c51ce410-c124-310e-8db5-e4b97fc2af39
doc_0766.pb.gz	13ceb283-20c4-3b25-a4d9-a01b86978092:c52f1bd6-6cc1-3d05-a28b-d8bf27af3ad6
doc_0767.pb.gz	13ceb283-20c4-3b25-a4d9-a01b86978092:c54e7837-e0cd-3ced-a86c-b5995327d1ab
doc_0768.pb.gz	13ceb283-20c4-3b25-a4d9-a01b86978092:c5ab0bc6-0ac7-3291-82aa-dd08703f1ec6
doc_0769.pb.gz	13ceb283-20c4-3b25-a4d9-a01b86978092:c5ff2543-b53f-3cc0-ad38-19a36752467b
doc_0770.pb.gz	13ceb283-20c4-3b25-a4d9-a01b86978092:c6036a69-be21-3b66-8499-b75718a3ef24
doc_0771.pb.gz	13ceb283-20c4-3b25-a4d9-a01b86978092:c60d060b-946d-3dd6-945d-cbad5c4ccf6f
doc_0772.pb.gz	13ceb283-20c4-3b25-a4d9-a01b86978092:c667d53a-cd89-3a97-a85d-e0c201ba99be
doc_0773.pb.gz	13ceb283-20c4-3b25-a4d9-a01b86978092:c6bff625-bdb0-3939-92c9-d4db0c6bbe45
doc_0774.pb.gz	13ceb283-20c4-3b25-a4d9-a01b86978092:c6e19e83-0859-32cb-9f7c-8f8cacb8d2a6
doc_0775.pb.gz	13ceb283-20c4-3b25-a4d9-a01b86978092:c74d97b0-1eae-357e-84aa-9d5bade97baf
doc_0776.pb.gz	13ceb283-20c4-3b25-a4d9-a01b86978092:c75b6f11-4c23-34d7-aa11-331e7c00e73c
doc_0777.pb.gz	13ceb283-20c4-3b25-a4d9-a01b86978092:c7635bfd-9924-3a2c-9ef8-249ef7bfbef4
doc_0778.pb.gz	13ceb283-20c4-3b25-a4d9-a01b86978092:c7e1249f-fc03-3b9d-ad90-8c236bd1996d
doc_0779.pb.gz	13ceb283-20c4-3b25-a4d9-a01b86978092:c81e728d-9d4c-3f63-af06-7f89cc14862c
doc_0780.pb.gz	13ceb283-20c4-3b25-a4d9-a01b86978092:c8fbbc86-abe8-3d6a-9eb6-a3b4d0411301
doc_0781.pb.gz	13ceb283-20c4-3b25-a4d9-a01b86978092:c8ffe9a5-87b1-36f1-92ed-3d89a146b445
doc_0782.pb.gz	13ceb283-20c4-3b25-a4d9-a01b86978092:c9892a98-9183-3e32-a976-c6f04e700201
doc_0783.pb.gz	13ceb283-20c4-3b25-a4d9-a01b86978092:c9e1074f-5b3f-3fc8-aa15-d152add07294
doc_0784.pb.gz	13ceb283-20c4-3b25-a4d9-a01b86978092:c9f0f895-fb98-3b91-99f5-1fd0297e236d
doc_0785.pb.gz	13ceb283-20c4-3b25-a4d9-a01b86978092:c9f95a0a-5af0-32bf-bce5-c89917335f67
doc_0786.pb.gz	13ceb283-20c4-3b25-a4d9-a01b86978092:ca8155f4-d27f-3059-93f9-d3d7974bdd70
doc_0787.pb.gz	13ceb283-20c4-3b25-a4d9-a01b86978092:cb70ab37-5662-376b-91ac-5aaf16b3fca4
doc_0788.pb.gz	13ceb283-20c4-3b25-a4d9-a01b86978092:cbb6a3b8-84f4-388b-ba8e-3d44c636cbd8
doc_0789.pb.gz	13ceb283-20c4-3b25-a4d9-a01b86978092:cbcb58ac-2e49-3207-986d-f2854b17995f
doc_0790.pb.gz	13ceb283-20c4-3b25-a4d9-a01b86978092:cc1aa436-2771-38f6-9cda-703991069eaf
doc_0791.pb.gz	13ceb283-20c4-3b25-a4d9-a01b86978092:ccb09896-6221-3f61-adae-2e26d58ea92f
doc_0792.pb.gz	13ceb283-20c4-3b25-a4d9-a01b86978092:ccb1d45f-b76f-3c5a-8bf6-19f979c6cf36
doc_0793.pb.gz	13ceb283-20c4-3b25-a4d9-a01b86978092:ccc0aa1b-81bf-31e1-ac67-6ddb977c5881
doc_0794.pb.gz	13ceb283-20c4-3b25-a4d9-a01b86978092:cd89fef7-ffdd-390d-b800-357f47722b20
doc_0795.pb.gz	13ceb283-20c4-3b25-a4d9-a01b86978092:ce78d1da-254c-3843-ab23-951ae077ff5f
doc_0796.pb.gz	13ceb283-20c4-3b25-a4d9-a01b86978092:cee63112-1c2e-3923-af3a-2f028ad5c89b
doc_0797.pb.gz	13ceb283-20c4-3b25-a4d9-a01b86978092:cf004fdc-76fa-3a4f-a5f6-2e0eb5261ca3
doc_0798.pb.gz	13ceb283-20c4-3b25-a4d9-a01b86978092:cfa0860e-83a4-33a7-a3a7-e62d825349f7
doc_0799.pb.gz	13ceb283-20c4-3b25-a4d9-a01b86978092:cfbce4c1-d7c4-35ba-b21d-6b6f2babe6be
doc_0800.pb.gz	13ceb283-20c4-3b25-a4d9-a01b86978092:cfee3986-43cb-33dc-9eef-c89334cacdc1
doc_0801.pb.gz	13ceb283-20c4-3b25-a4d9-a01b86978092:d045c59a-90d7-387d-8d67-1b5f5aec4e7c
doc_0802.pb.gz	13ceb283-20c4-3b25-a4d9-a01b86978092:d09bf415-44a3-365a-86c9-077ebb5e35c3
doc_0803.pb.gz	13ceb283-20c4-3b25-a4d9-a01b86978092:d14220ee-66ae-3c73-8490-38385428ec4c
doc_0804.pb.gz	13ceb283-20c4-3b25-a4d9-a01b86978092:d18f655c-3fce-36ca-801d-5f38b48c89af
doc_0805.pb.gz	13ceb283-20c4-3b25-a4d9-a01b86978092:d1f255a3-73a3-3ef7-ae03-aa9d980c7eca
doc_0806.pb.gz	13ceb283-20c4-3b25-a4d9-a01b86978092:d1f491a4-04d6-3548-8094-3e5c3cd9ca25
doc_0807.pb.gz	13ceb283-20c4-3b25-a4d9-a01b86978092:d240e3d3-8a88-32ec-ad86-33c8f9c78c9b
doc_0808.pb.gz	13ceb283-20c4-3b25-a4d9-a01b86978092:d296c101-daa8-3a51-b6ca-8cfc1ac79b50
doc_0809.pb.gz	13ceb283-20c4-3b25-a4d9-a01b86978092:d2ddea18-f006-35ce-8623-e36bd4e3c7c5
doc_0810.pb.gz	13ceb283-20c4-3b25-a4d9-a01b86978092:d2ed45a5-2bc0-3dfa-91c2-064e9edee8bf
doc_0811.pb.gz	13ceb283-20c4-3b25-a4d9-a01b86978092:d34ab169-b70c-3dcd-b5e6-2896010cd9ff
doc_0812.pb.gz	13ceb283-20c4-3b25-a4d9-a01b86978092:d3890178-8c53-3e82-86cb-6400b40b386d
doc_0813.pb.gz	13ceb283-20c4-3b25-a4d9-a01b86978092:d3957710-85aa-3052-84a4-fb8fd91bf4ee
doc_0814.pb.gz	13ceb283-20c4-3b25-a4d9-a01b86978092:d3d94468-02a4-3259-b55d-38e6d163e820
doc_0815.pb.gz	13ceb283-20c4-3b25-a4d9-a01b86978092:d490d7b4-5762-30fa-a0eb-31b5fc917ad1
doc_0816.pb.gz	13ceb283-20c4-3b25-a4d9-a01b86978092:d4c2e4a3-297f-325a-b1d0-30b67eb83bfc
doc_0817.pb.gz	13ceb283-20c4-3b25-a4d9-a01b86978092:d516b136-71a4-379d-9b7b-458a6ebdeb92
doc_0818.pb.gz	13ceb283-20c4-3b25-a4d9-a01b86978092:d554f7bb-7be4-3a72-a706-8a7df88ddd20
doc_0819.pb.gz	13ceb283-20c4-3b25-a4d9-a01b86978092:d56b9fc4-b0f1-3e88-b1f5-e1c40c0067e7
doc_0820.pb.gz	13ceb283-20c4-3b25-a4d9-a01b86978092:d58072be-2820-3868-ac0a-27c0518e805e
doc_0821.pb.gz	13ceb283-20c4-3b25-a4d9-a01b86978092:d5cfead9-4f53-30c1-ac32-2b5b664544c1
doc_0822.pb.gz	13ceb283-20c4-3b25-a4d9-a01b86978092:d645920e-395f-3dad-bbbb-ed0eca3fe2e0
doc_0823.pb.gz	13ceb283-20c4-3b25-a4d9-a01b86978092:d64a340b-cb63-3f53-ad56-e51874281454
doc_0824.pb.gz	13ceb283-20c4-3b25-a4d9-a01b86978092:d67d8ab4-f4c1-3bf2-aaa3-53e27879133c
doc_0825.pb.gz	13ceb283-20c4-3b25-a4d9-a01b86978092:d6baf65e-0b24-3ce1-b7cf-70da146c8dc8
doc_0826.pb.gz	13ceb283-20c4-3b25-a4d9-a01b86978092:d6c651dd-cd97-383b-ae40-bc464231c962
doc_0827.pb.gz	13ceb283-20c4-3b25-a4d9-a01b86978092:d6ef5f7f-a914-3199-b1a5-5bb262ec879c
doc_0828.pb.gz	13ceb283-20c4-3b25-a4d9-a01b86978092:d707329b-ece4-35a4-a2b5-8ce00d1194c9
doc_0829.pb.gz	13ceb283-20c4-3b25-a4d9-a01b86978092:d709f38e-f758-3506-aef3-1b18039b8ce5
doc_0830.pb.gz	13ceb283-20c4-3b25-a4d9-a01b86978092:d7322ed7-17de-3f1e-b4e6-e52a37ea7bcd
doc_0831.pb.gz	13ceb283-20c4-3b25-a4d9-a01b86978092:d736bb10-d83a-304a-afc1-d6ce93dc54b8
doc_0832.pb.gz	13ceb283-20c4-3b25-a4d9-a01b86978092:d7a728a6-7d90-3e71-8c07-74e22cb806f2
doc_0833.pb.gz	13ceb283-20c4-3b25-a4d9-a01b86978092:d81f9c1b-e2e0-3964-bf9f-24b15f0e4900
doc_0834.pb.gz	13ceb283-20c4-3b25-a4d9-a01b86978092:d82c8d16-19ad-3176-9665-453cfb2e55f0
doc_0835.pb.gz	13ceb283-20c4-3b25-a4d9-a01b86978092:d840cc5d-906c-3e9c-8437-4c8919d2074e
doc_0836.pb.gz	13ceb283-20c4-3b25-a4d9-a01b86978092:d86ea612-dec9-3096-85e0-fcc8dd42ab6d
doc_0837.pb.gz	13ceb283-20c4-3b25-a4d9-a01b86978092:d8700cbd-38cc-3f30-8ecb-34f0c195b137
doc_0838.pb.gz	13ceb283-20c4-3b25-a4d9-a01b86978092:d91d1b4d-8241-3de8-a614-abce9cc0e6d4
doc_0839.pb.gz	13ceb283-20c4-3b25-a4d9-a01b86978092:d93ed5b6-db83-3e78-afb0-d05ae420158e
doc_0840.pb.gz	13ceb283-20c4-3b25-a4d9-a01b86978092:d947bf06-a885-3b0d-877d-707121934ff8
doc_0841.pb.gz	13ceb283-20c4-3b25-a4d9-a01b86978092:d96409bf-8942-3768-aba1-24d7356686c9
doc_0842.pb.gz	13ceb283-20c4-3b25-a4d9-a01b86978092:d9d4f495-e875-32e0-b5a1-a4a6e1b9770f
doc_0843.pb.gz	13ceb283-20c4-3b25-a4d9-a01b86978092:da0d1111-d2dc-3d48-9242-e60ebcbaf988
doc_0844.pb.gz	13ceb283-20c4-3b25-a4d9-a01b86978092:da4fb5c6-e93e-34d3-9f85-27599fa62642
doc_0845.pb.gz	13ceb283-20c4-3b25-a4d9-a01b86978092:da8ce53c-f024-3070-8e6c-69c48cd588ee
doc_0846.pb.gz	13ceb283-20c4-3b25-a4d9-a01b86978092:dabd8d2c-e74e-382c-a5a9-73ef76fd540b
doc_0847.pb.gz	13ceb283-20c4-3b25-a4d9-a01b86978092:daca4121-4b39-35dc-a667-4d09081940f0
doc_0848.pb.gz	13ceb283-20c4-3b25-a4d9-a01b86978092:db576a7d-2453-375f-a9ea-b4bac787b919
doc_0849.pb.gz	13ceb283-20c4-3b25-a4d9-a01b86978092:db85e259-0b61-3981-bdaf-a101ceb2faeb
doc_0850.pb.gz	13ceb283-20c4-3b25-a4d9-a01b86978092:db8e1af0-cb3a-3a1a-a2d0-018624204529
doc_0851.pb.gz	13ceb283-20c4-3b25-a4d9-a01b86978092:dbe272ba-b69f-3e13-b14b-405e038deb64
doc_0852.pb.gz	13ceb283-20c4-3b25-a4d9-a01b86978092:dc568979-2e08-3b2e-a19d-ce49e64c885b
doc_0853.pb.gz	13ceb283-20c4-3b25-a4d9-a01b86978092:dc58e3a3-0645-3c9d-a70a-dcd37004f48f
doc_0854.pb.gz	13ceb283-20c4-3b25-a4d9-a01b86978092:dc6a6489-640c-302b-8d42-dabeb8e46bb7
doc_0855.pb.gz	13ceb283-20c4-3b25-a4d9-a01b86978092:dc82d632-c9fc-3cb0-b78a-fbc7924494a6
doc_0856.pb.gz	13ceb283-20c4-3b25-a4d9-a01b86978092:dc912a25-3d1e-3ba4-8e2c-597ed2376640
doc_0857.pb.gz	13ceb283-20c4-3b25-a4d9-a01b86978092:dd45045f-8c68-3b9f-94e7-0c67048d32e8
doc_0858.pb.gz	13ceb283-20c4-3b25-a4d9-a01b86978092:dd458505-749b-3941-a17d-dd59394240e8
doc_0859.pb.gz	13ceb283-20c4-3b25-a4d9-a01b86978092:dd77279f-7d32-3eec-933f-05b1672f6a1f
doc_0860.pb.gz	13ceb283-20c4-3b25-a4d9-a01b86978092:dd8eb9f2-3fbd-362d-a0e3-f4e70b878c16
doc_0861.pb.gz	13ceb283-20c4-3b25-a4d9-a01b86978092:ddb30680-a691-3157-987e-e1cf9e896d03
doc_0862.pb.gz	13ceb283-20c4-3b25-a4d9-a01b86978092:df0aab05-8ce1-39e4-b7ab-135ed4e641a9
doc_0863.pb.gz	13ceb283-20c4-3b25-a4d9-a01b86978092:df263d99-6281-3984-952c-07998dc54358
doc_0864.pb.gz	13ceb283-20c4-3b25-a4d9-a01b86978092:df6d2338-b2b8-3ce1-ac2f-6dda0a630eb0
doc_0865.pb.gz	13ceb283-20c4-3b25-a4d9-a01b86978092:df7f28ac-89ca-37bf-9abd-2f6c184fe1cf
doc_0866.pb.gz	13ceb283-20c4-3b25-a4d9-a01b86978092:df877f38-6575-3637-9aa5-40ea9cbc474f
doc_0867.pb.gz	13ceb283-20c4-3b25-a4d9-a01b86978092:e00da03b-685a-3dd1-8fb6-a08af0923de0
doc_0868.pb.gz	13ceb283-20c4-3b25-a4d9-a01b86978092:e034fb6b-66aa-3c1d-88f4-45ddfb08da98
doc_0869.pb.gz	13ceb283-20c4-3b25-a4d9-a01b86978092:e0741335-4875-3e01-a996-dc560274708e
doc_0870.pb.gz	13ceb283-20c4-3b25-a4d9-a01b86978092:e0c64119-5b27-325b-b056-ac56f8953d24
doc_0871.pb.gz	13ceb283-20c4-3b25-a4d9-a01b86978092:e0cf1f47-118d-3ebc-9b16-269099ad7347
doc_0872.pb.gz	13ceb283-20c4-3b25-a4d9-a01b86978092:e0ec453e-28e0-31cc-98ac-43f91dc2f3f0
doc_0873.pb.gz	13ceb283-20c4-3b25-a4d9-a01b86978092:e1654211-10ba-3309-9a1c-0393373c5b43
doc_0874.pb.gz	13ceb283-20c4-3b25-a4d9-a01b86978092:e17184bc-b70d-3f39-82c5-4e0b537ffc6d
doc_0875.pb.gz	13ceb283-20c4-3b25-a4d9-a01b86978092:e19347e1-c3ca-3c0b-97de-5fb3b690855a
doc_0876.pb.gz	13ceb283-20c4-3b25-a4d9-a01b86978092:e1d5be1c-7f2f-3566-b0de-3d53c7b54f4a
doc_0877.pb.gz	13ceb283-20c4-3b25-a4d9-a01b86978092:e1e32e23-5eee-3f97-8470-a3a6658dfdd5
doc_0878.pb.gz	13ceb283-20c4-3b25-a4d9-a01b86978092:e205ee2a-5de4-31a7-8c1f-d1b46033a75f
doc_0879.pb.gz	13ceb283-20c4-3b25-a4d9-a01b86978092:e2230b85-3516-37b0-9d79-744fbd4c9c13
doc_0880.pb.gz	13ceb283-20c4-3b25-a4d9-a01b86978092:e2231217-9bf4-3e61-9760-81a2f250f845
doc_0881.pb.gz	13ceb283-20c4-3b25-a4d9-a01b86978092:e2a2dcc3-6a08-3345-b32c-751b2f2e476c
doc_0882.pb.gz	13ceb283-20c4-3b25-a4d9-a01b86978092:e2c420d9-28d4-3f8c-a0ff-2ec19b371514
doc_0883.pb.gz	13ceb283-20c4-3b25-a4d9-a01b86978092:e2ef524f-bf3d-3fe6-91d5-a8e90fefdc9c
doc_0884.pb.gz	13ceb283-20c4-3b25-a4d9-a01b86978092:e369853d-f766-3a44-a1ed-0ff613f563bd
doc_0885.pb.gz	13ceb283-20c4-3b25-a4d9-a01b86978092:e3796ae8-3883-3da0-b6f6-ea37bcf8bcb7
doc_0886.pb.gz	13ceb283-20c4-3b25-a4d9-a01b86978092:e46de7e1-bcaa-3ed9-a54f-1e9d0d2f800d
doc_0887.pb.gz	13ceb283-20c4-3b25-a4d9-a01b86978092:e49b8b40-53df-3505-a1f4-8c3a701c0682
doc_0888.pb.gz	13ceb283-20c4-3b25-a4d9-a01b86978092:e4a6222c-db5b-3437-9400-904f03d8e6a5
doc_0889.pb.gz	13ceb283-20c4-3b25-a4d9-a01b86978092:e4bb4c51-73c2-3e17-bd8f-cd40041c068f
doc_0890.pb.gz	13ceb283-20c4-3b25-a4d9-a01b86978092:e4da3b7f-bbce-3345-9777-2b0674a318d5
doc_0891.pb.gz	13ceb283-20c4-3b25-a4d9-a01b86978092:e515df0d-202a-352f-8ebb-14295743063b
doc_0892.pb.gz	13ceb283-20c4-3b25-a4d9-a01b86978092:e53a0a29-78c2-3872-a450-5bdb51db06dc
doc_0893.pb.gz	13ceb283-20c4-3b25-a4d9-a01b86978092:e555ebe0-ce42-3f7f-9b2b-ef0706315e0c
doc_0894.pb.gz	13ceb283-20c4-3b25-a4d9-a01b86978092:e56954b4-f634-3e89-bf95-4495eab16a88
doc_0895.pb.gz	13ceb283-20c4-3b25-a4d9-a01b86978092:e57c6b95-6a65-31b2-8495-f2886ca0977a
doc_0896.pb.gz	13ceb283-20c4-3b25-a4d9-a01b86978092:e5841df2-166d-3424-a571-27423d276bbe
doc_0897.pb.gz	13ceb283-20c4-3b25-a4d9-a01b86978092:e58cc5ca-9427-3aca-8eed-13bc82dfedf7
doc_0898.pb.gz	13ceb283-20c4-3b25-a4d9-a01b86978092:e5e63da7-9fcd-3beb-bd7c-b8bf1c1d0274
doc_0899.pb.gz	13ceb283-20c4-3b25-a4d9-a01b86978092:e5f6ad6c-e374-377e-af02-3bf5d0c018b6
doc_0900.pb.gz	13ceb283-20c4-3b25-a4d9-a01b86978092:e6b4b2a7-46ed-30e1-af82-9d1fa82daa10
doc_0901.pb.gz	13ceb283-20c4-3b25-a4d9-a01b86978092:e6d8545d-aa42-35ce-9125-a4bf747b3688
doc_0902.pb.gz	13ceb283-20c4-3b25-a4d9-a01b86978092:e7061188-3d27-30c8-bbaf-b4acb29e3446
doc_0903.pb.gz	13ceb283-20c4-3b25-a4d9-a01b86978092:e744f91c-29ec-39f0-a662-c9177946c627
doc_0904.pb.gz	13ceb283-20c4-3b25-a4d9-a01b86978092:e7b24b11-2a44-3dd9-ae93-bdf998c6ca0e
doc_0905.pb.gz	13ceb283-20c4-3b25-a4d9-a01b86978092:e7f8a7fb-0b77-3cb3-b283-af5be021448f
doc_0906.pb.gz	13ceb283-20c4-3b25-a4d9-a01b86978092:e820a45f-1dfc-3b95-a82d-10b6087e11c0
doc_0907.pb.gz	13ceb283-20c4-3b25-a4d9-a01b86978092:e836d813-fd18-3325-932f-ca8edcdfb40e
doc_0908.pb.gz	13ceb283-20c4-3b25-a4d9-a01b86978092:e8b1cbd0-5f6e-3a35-8a81-dee52493dd06
doc_0909.pb.gz	13ceb283-20c4-3b25-a4d9-a01b86978092:e8c0653f-ea13-391b-b3c4-8159f7c24f78
doc_0910.pb.gz	13ceb283-20c4-3b25-a4d9-a01b86978092:e94550c9-3cd7-3fe7-88e6-982b3439ad3b
doc_0911.pb.gz	13ceb283-20c4-3b25-a4d9-a01b86978092:e97ee205-4def-3209-835f-e4dc94599061
doc_0912.pb.gz	13ceb283-20c4-3b25-a4d9-a01b86978092:e995f98d-5696-3d94-a471-af29d7bf99f1
doc_0913.pb.gz	13ceb283-20c4-3b25-a4d9-a01b86978092:ea5d2f1c-4608-332e-87d3-aa3d998e5135
doc_0914.pb.gz	13ceb283-20c4-3b25-a4d9-a01b86978092:eaae339c-4d89-3c10-aedd-9dbdb6a28915
doc_0915.pb.gz	13ceb283-20c4-3b25-a4d9-a01b86978092:eb160de1-de89-3905-8fcb-0b968dbbbd68
doc_0916.pb.gz	13ceb283-20c4-3b25-a4d9-a01b86978092:eba0dc30-2bcd-3a27-bf8b-bb72be3a687b
doc_0917.pb.gz	13ceb283-20c4-3b25-a4d9-a01b86978092:ec5decca-5ed3-36b8-879e-2e7e7bacc9f2
doc_0918.pb.gz	13ceb283-20c4-3b25-a4d9-a01b86978092:ec895663-7a99-387b-9197-eacd77acce5e
doc_0919.pb.gz	13ceb283-20c4-3b25-a4d9-a01b86978092:eccbc87e-4b5c-32fe-a830-8fd9f2a7baf3
doc_0920.pb.gz	13ceb283-20c4-3b25-a4d9-a01b86978092:ed265bc9-03a5-3097-b61d-3ec064d96d2e
doc_0921.pb.gz	13ceb283-20c4-3b25-a4d9-a01b86978092:ed3d2c21-991e-3bef-9e06-9713af9fa6ca
doc_0922.pb.gz	13ceb283-20c4-3b25-a4d9-a01b86978092:eda80a3d-5b34-3bc4-8f3b-c04f65b7a357
doc_0923.pb.gz	13ceb283-20c4-3b25-a4d9-a01b86978092:eddb904a-6db7-3375-9d28-57aacadb1cb0
doc_0924.pb.gz	13ceb283-20c4-3b25-a4d9-a01b86978092:eddea82a-d275-3b24-84e1-68c5fc2ebd40
doc_0925.pb.gz	13ceb283-20c4-3b25-a4d9-a01b86978092:ede7e2b6-d13a-31dd-b9f4-bdef84fdc737
doc_0926.pb.gz	13ceb283-20c4-3b25-a4d9-a01b86978092:edfbe1af-cf92-36bb-8d40-eb4d8027d90f
doc_0927.pb.gz	13ceb283-20c4-3b25-a4d9-a01b86978092:eeb69a3c-b923-3045-ab6a-5f4162093851
doc_0928.pb.gz	13ceb283-20c4-3b25-a4d9-a01b86978092:eed5af6a-dd95-39a6-b125-2739b1ad8c24
doc_0929.pb.gz	13ceb283-20c4-3b25-a4d9-a01b86978092:eefc9e10-ebdc-3a23-b3b4-2b2dbb8f27b6
doc_0930.pb.gz	13ceb283-20c4-3b25-a4d9-a01b86978092:ef0d3930-a7b6-395b-92b3-2ed45989c61f
doc_0931.pb.gz	13ceb283-20c4-3b25-a4d9-a01b86978092:ef50c335-cca9-3340-bde6-56363ebd02fd
doc_0932.pb.gz	13ceb283-20c4-3b25-a4d9-a01b86978092:ef575e88-37d0-35a1-a83c-022d2077d342
doc_0933.pb.gz	13ceb283-20c4-3b25-a4d9-a01b86978092:efe93778-0e95-3742-90da-be07151bdc23
doc_0934.pb.gz	13ceb283-20c4-3b25-a4d9-a01b86978092:f033ab37-c302-31f7-bf14-2449d037028d
doc_0935.pb.gz	13ceb283-20c4-3b25-a4d9-a01b86978092:f0935e4c-d592-3aa6-87c9-96a5ee53a70f
doc_0936.pb.gz	13ceb283-20c4-3b25-a4d9-a01b86978092:f0adc883-8f4b-3edd-a4ec-2cfad0515589
doc_0937.pb.gz	13ceb283-20c4-3b25-a4d9-a01b86978092:f197002b-9a08-33ec-a5e0-46d9ca4663d5
doc_0938.pb.gz	13ceb283-20c4-3b25-a4d9-a01b86978092:f1c15925-8841-3002-af34-0cbaedd6fc33
doc_0939.pb.gz	13ceb283-20c4-3b25-a4d9-a01b86978092:f2201f51-91c4-392c-85af-043eebfd0946
doc_0940.pb.gz	13ceb283-20c4-3b25-a4d9-a01b86978092:f2217062-e9a3-37a1-9ca4-29e7d70bc6ca
doc_0941.pb.gz	13ceb283-20c4-3b25-a4d9-a01b86978092:f33ba15e-ffa5-310e-873b-f3842afb46a6
doc_0942.pb.gz	13ceb283-20c4-3b25-a4d9-a01b86978092:f340f1b1-f65b-3df5-b5e3-f94d95b11daf
doc_0943.pb.gz	13ceb283-20c4-3b25-a4d9-a01b86978092:f387624d-f552-3ea2-b369-918c5e1e12bc
doc_0944.pb.gz	13ceb283-20c4-3b25-a4d9-a01b86978092:f4552671-f890-3587-8f48-5ea990207f3b
doc_0945.pb.gz	13ceb283-20c4-3b25-a4d9-a01b86978092:f457c545-a9de-388f-98ec-ee47145a72c0
doc_0946.pb.gz	13ceb283-20c4-3b25-a4d9-a01b86978092:f4733064-3ae1-34ca-a04b-f6b2481fec47
doc_0947.pb.gz	13ceb283-20c4-3b25-a4d9-a01b86978092:f47d0ad3-1c4c-3906-9b9e-505593e3db98
doc_0948.pb.gz	13ceb283-20c4-3b25-a4d9-a01b86978092:f4b9ec30-ad9f-38f8-9b29-639786cb62ef
doc_0949.pb.gz	13ceb283-20c4-3b25-a4d9-a01b86978092:f4be0027-9ee2-30a5-beaf-daa94a151e2c
doc_0950.pb.gz	13ceb283-20c4-3b25-a4d9-a01b86978092:f4dd765c-12f2-3f67-b98f-3558c282a9cd
doc_0951.pb.gz	13ceb283-20c4-3b25-a4d9-a01b86978092:f4f6dce2-f3a0-39da-9a0c-2b5b66452017
doc_0952.pb.gz	13ceb283-20c4-3b25-a4d9-a01b86978092:f57a2f55-7b09-3c43-b11a-b969efe1504b
doc_0953.pb.gz	13ceb283-20c4-3b25-a4d9-a01b86978092:f5deaeea-e153-3fb6-8459-01d524ee2f98
doc_0954.pb.gz	13ceb283-20c4-3b25-a4d9-a01b86978092:f61d6947-467c-3d3a-a5af-24db320235dd
doc_0955.pb.gz	13ceb283-20c4-3b25-a4d9-a01b86978092:f64eac11-f2cd-3f0e-ba19-6f8ad173178e
doc_0956.pb.gz	13ceb283-20c4-3b25-a4d9-a01b86978092:f7177163-c833-3ff4-b38f-c8d2872f1ec6
doc_0957.pb.gz	13ceb283-20c4-3b25-a4d9-a01b86978092:f718499c-1c8c-3f67-b0f9-fd03c8125cab
doc_0958.pb.gz	13ceb283-20c4-3b25-a4d9-a01b86978092:f74909ac-e68e-3189-9440-e4da0b65a70c
doc_0959.pb.gz	13ceb283-20c4-3b25-a4d9-a01b86978092:f7664060-cc52-3c6f-bd62-0bcedc94a4b6
doc_0960.pb.gz	13ceb283-20c4-3b25-a4d9-a01b86978092:f770b62b-c8f4-3a0b-a675-1fe636fc6eb0
doc_0961.pb.gz	13ceb283-20c4-3b25-a4d9-a01b86978092:f79921bb-ae40-3577-928b-76d2fc3edc2a
doc_0962.pb.gz	13ceb283-20c4-3b25-a4d9-a01b86978092:f7cade80-b7cc-32b9-91cf-4d2806d6bd78
doc_0963.pb.gz	13ceb283-20c4-3b25-a4d9-a01b86978092:f7e9050c-92a8-31b0-8164-42ab604b0488
doc_0964.pb.gz	13ceb283-20c4-3b25-a4d9-a01b86978092:f7f580e1-1d00-3758-94d2-ded41fe8e8fe
doc_0965.pb.gz	13ceb283-20c4-3b25-a4d9-a01b86978092:f85454e8-279b-3180-985c-ac7d243c5eb3
doc_0966.pb.gz	13ceb283-20c4-3b25-a4d9-a01b86978092:f899139d-f5e1-3593-9643-1415e770c6dd
doc_0967.pb.gz	13ceb283-20c4-3b25-a4d9-a01b86978092:f8c1f23d-6a8d-3d79-84fc-0ea8e066b3bb
doc_0968.pb.gz	13ceb283-20c4-3b25-a4d9-a01b86978092:f9028fae-c74b-36ec-9b85-2b0a542e2f39
doc_0969.pb.gz	13ceb283-20c4-3b25-a4d9-a01b86978092:f90f2aca-5c64-3289-90a2-9417bcb63a37
doc_0970.pb.gz	13ceb283-20c4-3b25-a4d9-a01b86978092:f9a40a47-80f5-3130-ac46-f1c8daecee3b
doc_0971.pb.gz	13ceb283-20c4-3b25-a4d9-a01b86978092:fa14d4fe-2f19-314d-a3eb-d9f63d5c0169
doc_0972.pb.gz	13ceb283-20c4-3b25-a4d9-a01b86978092:fa3a3c40-7f82-377f-95c1-9c5d403335c7
doc_0973.pb.gz	13ceb283-20c4-3b25-a4d9-a01b86978092:fa7cdfad-1a5a-3f83-b0eb-eda47a1ff1c3
doc_0974.pb.gz	13ceb283-20c4-3b25-a4d9-a01b86978092:fa83a11a-198d-3a7f-8bf7-7a1987bcd006
doc_0975.pb.gz	13ceb283-20c4-3b25-a4d9-a01b86978092:faa9afea-49ef-3ff0-a9a8-33cccc778fd0
doc_0976.pb.gz	13ceb283-20c4-3b25-a4d9-a01b86978092:fae0b27c-451c-3288-a7a5-67e8c1bb4e53
doc_0977.pb.gz	13ceb283-20c4-3b25-a4d9-a01b86978092:fb2fcd53-4b0f-33bb-ad73-cc51df620323
doc_0978.pb.gz	13ceb283-20c4-3b25-a4d9-a01b86978092:fb7b9ffa-5462-384c-9f4e-7e85a093e6d7
doc_0979.pb.gz	13ceb283-20c4-3b25-a4d9-a01b86978092:fb89705a-e6d7-33bf-9e84-8c206e16a1d7
doc_0980.pb.gz	13ceb283-20c4-3b25-a4d9-a01b86978092:fba9d881-64f3-32d9-909e-e770223212a0
doc_0981.pb.gz	13ceb283-20c4-3b25-a4d9-a01b86978092:fc2c7c47-b918-30c2-9792-a719dfb602ef
doc_0982.pb.gz	13ceb283-20c4-3b25-a4d9-a01b86978092:fc3cf452-d3da-3402-bebb-765225ce8c0e
doc_0983.pb.gz	13ceb283-20c4-3b25-a4d9-a01b86978092:fc490ca4-5c00-3124-9bbe-3554a4fdf6fb
doc_0984.pb.gz	13ceb283-20c4-3b25-a4d9-a01b86978092:fc49306d-9760-3c8e-91be-1dfbf0835ead
doc_0985.pb.gz	13ceb283-20c4-3b25-a4d9-a01b86978092:fc8001f8-34f6-35f0-9610-80d134d53d29
doc_0986.pb.gz	13ceb283-20c4-3b25-a4d9-a01b86978092:fccb60fb-512d-33df-9083-790d64c4d5dd
doc_0987.pb.gz	13ceb283-20c4-3b25-a4d9-a01b86978092:fd06b8ea-02fe-3b1c-a496-fe1700e9d16c
doc_0988.pb.gz	13ceb283-20c4-3b25-a4d9-a01b86978092:fd2c5e46-80d9-301d-ba3a-ada5ece22270
doc_0989.pb.gz	13ceb283-20c4-3b25-a4d9-a01b86978092:fe131d7f-5a6b-38b2-bcc9-67316c13dae2
doc_0990.pb.gz	13ceb283-20c4-3b25-a4d9-a01b86978092:fe2d0103-08a6-3379-9a3d-9c728ee74244
doc_0991.pb.gz	13ceb283-20c4-3b25-a4d9-a01b86978092:fe709c65-4eac-34d5-a39d-1a12a4f71877
doc_0992.pb.gz	13ceb283-20c4-3b25-a4d9-a01b86978092:fe7ee8fc-1959-3c72-94fa-21c4840dff0a
doc_0993.pb.gz	13ceb283-20c4-3b25-a4d9-a01b86978092:fe8c15fe-d5f8-3800-ace9-5eddb7366e35
doc_0994.pb.gz	13ceb283-20c4-3b25-a4d9-a01b86978092:fe9fc289-c3ff-3af1-82b6-d3bead98a923
doc_0995.pb.gz	13ceb283-20c4-3b25-a4d9-a01b86978092:feab05aa-9108-3b7a-8012-516bc3533958
doc_0996.pb.gz	13ceb283-20c4-3b25-a4d9-a01b86978092:fec8d47d-412b-3bee-8e3d-9128ae855a7a
doc_0997.pb.gz	13ceb283-20c4-3b25-a4d9-a01b86978092:fed33392-d3a4-3aa1-89a8-7a38b875ba4a
doc_0998.pb.gz	13ceb283-20c4-3b25-a4d9-a01b86978092:ff4d5fbb-afdf-376c-bdc0-32e3bde78de5
doc_0999.pb.gz	13ceb283-20c4-3b25-a4d9-a01b86978092:ffd52f3c-7e12-335a-b24a-8f30fddadd9c
doc_1000.pb.gz	13ceb283-20c4-3b25-a4d9-a01b86978092:ffeed84c-7cb1-3e7b-b4ec-4bd78275bb98
